SMILES,Name,ID,Source,HeavyAtomCount,MolWt,MolLogP,NHOHCount,NOCount,NumHAcceptors,NumHDonors,NumRotatableBonds,NumAromaticRings,TPSA
Cc1cc(-c2csc(N=C(N)N)n2)cn1C,CHEMBL153534,CHEMBL153534,ChEMBL,16,235.316,1.362,4,5,4,2,2,2,82.220
Brc1cccc(Nc2ncnc3ccncc23)c1NCCN1CCOCC1,CHEMBL405398,CHEMBL405398,ChEMBL,27,429.322,3.275,2,7,7,2,6,3,75.200
COc1c(O)cc(O)c(C(=N)Cc2ccc(O)cc2)c1O,CHEMBL503634,CHEMBL503634,ChEMBL,21,289.287,2.128,5,6,6,5,4,2,114.000
CCOC(=O)c1cc2cc(C(=O)O)ccc2[nH]1,CHEMBL503643,CHEMBL503643,ChEMBL,17,233.223,2.043,2,5,3,2,3,2,79.390
C[C@H]1CN(CCC(=O)N[C@@H](CCc2ccccc2)C(=O)O)CC[C@@]1(C)c1cccc(O)c1,CHEMBL403325,CHEMBL403325,ChEMBL,32,438.568,3.584,3,6,4,3,9,2,89.870
O=C(NO)c1ccc(I)cc1,CHEMBL155287,CHEMBL155287,ChEMBL,11,263.034,1.410,2,3,2,2,1,1,49.330
C=CCc1ccc(OC(=O)C23CC4CC(CC(C4)C2)C3)c(OC)c1,CHEMBL265174,CHEMBL265174,ChEMBL,24,326.436,4.546,0,3,3,0,5,1,35.530
Cc1cccc(N2CCN(CCCON3C(=O)c4ccccc4C3=O)CC2)c1,CHEMBL264472,CHEMBL264472,ChEMBL,28,379.460,2.735,0,6,5,0,6,2,53.090
N=c1sc2ccccc2n1CCN1CCC(c2ccc(F)cc2)CC1,CHEMBL405225,CHEMBL405225,ChEMBL,25,355.482,4.201,1,3,4,1,4,3,32.020
CCCCCCCCCCCCCC(=O)NCc1ccc(C(=O)N[C@H](C(=O)O)[C@@H](C)CC)cc1,CHEMBL409812,CHEMBL409812,ChEMBL,34,474.686,6.233,3,6,3,3,19,1,95.500
O=C(Nc1ncc(F)s1)[C@H](CC1CCOCC1)c1ccc(S(=O)(=O)C2CC2)cc1,CHEMBL499520,CHEMBL499520,ChEMBL,29,438.546,3.757,1,6,6,1,7,2,85.360
Oc1ccc(/N=C(/Cc2ccc(Cl)cc2)c2ccc(O)c(O)c2O)cc1,CHEMBL1082532,CHEMBL1082532,ChEMBL,26,369.804,4.526,4,5,5,4,4,3,93.280
O=S(=O)(CCO)c1no[n+]([O-])c1-c1ccccc1,CHEMBL501101,CHEMBL501101,ChEMBL,18,270.266,-0.259,1,7,6,1,4,2,107.340
CNc1nc2sc(SC)nc2c2c1ncn2C,CHEMBL505943,CHEMBL505943,ChEMBL,17,265.367,2.342,1,5,7,1,2,3,55.630
CCCC1(C)CC(=O)N(CCCCN2CCN(c3nsc4ccccc34)CC2)C(=O)C1,CHEMBL1203224,CHEMBL1203224,ChEMBL,31,442.629,4.154,0,6,6,0,8,2,56.750
CCCCCC(O)/C=C/[C@H]1[C@H]2C[C@H](OC(=O)O2)[C@@H]1C/C=CCCCC(N)=O,CHEMBL441620,CHEMBL441620,ChEMBL,27,379.497,3.626,3,6,5,2,12,0,98.850
CC(C)=CCC/C(C)=C/C=C/C(=O)N1CCCC1,CHEMBL444987,CHEMBL444987,ChEMBL,18,247.382,3.858,0,2,1,0,5,0,20.310
CNC(=O)c1cc(C(O)CNC(C)CCc2ccc3c(c2)OCO3)ccc1O,CHEMBL1203109,CHEMBL1203109,ChEMBL,28,386.448,2.125,4,7,6,4,8,2,100.050
COc1ccccc1N1CCN(CCCNC(=O)c2ccccc2I)CC1,CHEMBL263058,CHEMBL263058,ChEMBL,27,479.362,3.242,1,5,4,1,7,2,44.810
Cc1cc(NC(=O)c2cc(Cl)cc(Cl)c2O)ccc1Sc1nc2ccccc2s1,CHEMBL263810,CHEMBL263810,ChEMBL,29,461.395,7.021,2,4,5,2,4,4,62.220
CN(C/C=C/c1ccc(C#N)cc1)Cc1ccc2c(c1)CCO2,CHEMBL4116085,CHEMBL4116085,ChEMBL,23,304.393,3.638,0,3,3,0,5,2,36.260
COc1ccc(CNc2nnc(N3CCC(O)CC3)c3ccc(C#N)cc23)cc1Cl,CHEMBL266960,CHEMBL266960,ChEMBL,30,423.904,3.737,2,7,7,2,5,3,94.300
Cc1cccc(NC(=S)Nc2ccc3c(c2)C(=O)OC3)c1,CHEMBL443992,CHEMBL443992,ChEMBL,21,298.367,3.474,2,4,3,2,2,2,50.360
C=CCn1cc(C[C@@H]2NC(=O)[C@@H]3CCCN3C2=O)c2ccc(OC)cc21,CHEMBL409297,CHEMBL409297,ChEMBL,26,353.422,1.868,1,6,4,1,5,2,63.570
Cc1ccc(Oc2nc3ccccc3nc2N2CCN(C)CC2)cc1,CHEMBL405416,CHEMBL405416,ChEMBL,25,334.423,3.482,0,5,5,0,3,3,41.490
O=C1CC(c2ccc(-c3ccccc3)cc2)c2c(ccc3ccccc23)N1,CHEMBL405667,CHEMBL405667,ChEMBL,27,349.433,5.981,1,2,1,1,2,4,29.100
CC(=O)NC(C(=O)N1CCSCC1)[C@H]1CC(C(=O)O)C[C@@H]1N=C(N)N,CHEMBL411601,CHEMBL411601,ChEMBL,25,371.463,-1.181,6,9,5,4,5,0,151.110
CCCc1cnnn1-c1c(Cl)cc(C(F)(F)F)cc1Cl,CHEMBL441131,CHEMBL441131,ChEMBL,20,324.133,4.545,0,3,3,0,3,2,30.710
O=C(O)C(=O)Nc1nc(-c2cc(Cl)no2)cs1,CHEMBL155374,CHEMBL155374,ChEMBL,17,273.657,1.475,2,7,6,2,2,2,105.320
CCc1c(C)[nH]c2c1/C(=N/OC(=O)NCCc1cccnc1)CCC2,CHEMBL217730,CHEMBL217730,ChEMBL,25,340.427,3.290,2,6,4,2,5,2,79.370
COc1cc2c(cc1OC)CC(=O)N(CCCN(C)CCc1ccccn1)CC2,CHEMBL262664,CHEMBL262664,ChEMBL,29,397.519,2.591,0,6,5,0,9,2,54.900
CCC(C)CNc1nc(C#N)nc2c1NCN2Cc1ccccc1,CHEMBL500021,CHEMBL500021,ChEMBL,24,322.416,3.196,2,6,6,2,6,2,76.870
CCOC(=O)COC(=O)CCCNC(=O)NC12CC3CC(CC(C3)C1)C2,CHEMBL265024,CHEMBL265024,ChEMBL,26,366.458,2.141,2,7,5,2,8,0,93.730
CCCN1c2cc(C)nc3c(-c4ccc(Cl)cc4Cl)nn(c23)C[C@@H]1CC,CHEMBL265282,CHEMBL265282,ChEMBL,26,389.330,5.722,0,4,4,0,4,3,33.950
N=C(N)NC(=O)OCc1cccc(N2CCC(Oc3cccnc3)CC2)c1F,CHEMBL4116102,CHEMBL4116102,ChEMBL,28,387.415,2.388,4,8,6,3,5,2,113.560
CCCCc1oc2ccccc2c1Cc1cccc(/C(C)=C/Cn2oc(=O)[nH]c2=O)c1,CHEMBL267740,CHEMBL267740,ChEMBL,31,418.493,4.913,1,6,5,1,8,4,81.140
C[C@H](NC(=O)[C@H]1Cc2c(sc3ccccc23)CN1)c1ccccc1,CHEMBL1203199,CHEMBL1203199,ChEMBL,24,336.460,3.793,2,3,3,2,3,3,41.130
COC(=O)c1cc(CCc2ccc(OC)cc2OC)ccc1O,CHEMBL444024,CHEMBL444024,ChEMBL,23,316.353,2.981,1,5,5,1,6,2,64.990
C=C(CO)[C@]12C=C3C(=O)C[C@@H](C(C)C)[C@]3(C)C[C@@H](O)[C@@]1(C)CC(=O)O2,CHEMBL444145,CHEMBL444145,ChEMBL,25,348.439,2.169,2,5,5,2,3,0,83.830
O=c1[nH]cnc2c1ncn2C(COCCP(=O)(O)O)COCCP(=O)(O)O,CHEMBL4116106,CHEMBL4116106,ChEMBL,27,426.259,-0.951,5,13,8,5,11,2,197.090
CC1(c2ccccn2)ON=C(c2ccccc2Cl)O1,CHEMBL444233,CHEMBL444233,ChEMBL,19,274.707,3.316,0,4,4,0,2,2,43.710
c1ccc2cc(CC3=NCCN3)ccc2c1,CHEMBL441948,CHEMBL441948,ChEMBL,16,210.280,2.384,1,2,2,1,2,2,24.390
Cn1c(=O)c2c3c(cnc2n(C)c1=O)C(=O)C=CC3=O,CHEMBL442894,CHEMBL442894,ChEMBL,20,271.232,-0.433,0,7,7,0,0,2,91.030
CN(CCNC(=O)N1CCN(c2ccccc2)CC1)Cc1ccccc1,CHEMBL264812,CHEMBL264812,ChEMBL,26,352.482,2.650,1,5,3,1,6,2,38.820
Cc1ccc[n+](CCC#Cc2ccc(C#CCC[n+]3cccc(C)c3)cc2)c1,CHEMBL440981,CHEMBL440981,ChEMBL,28,366.508,3.762,0,2,0,0,4,3,7.760
CN1CCc2cccc3c2[C@H]1Cc1ccc(CO)c(O)c1-3,CHEMBL444368,CHEMBL444368,ChEMBL,21,281.355,2.637,2,3,3,2,1,2,43.700
CCCCCC/C=CCCCCCCCc1cccc(O)c1C(=O)O,CHEMBL445177,CHEMBL445177,ChEMBL,25,346.511,6.500,2,3,2,2,14,1,57.530
CN(Cc1ccccc1)C(=S)N1CCC(c2cccc(Cl)c2)=N1,CHEMBL442595,CHEMBL442595,ChEMBL,23,343.883,4.167,0,3,2,0,3,2,18.840
CCOC(=O)c1ccc2ncc(C(=O)OCC)c(Nc3ccc(NC(C)=O)cc3)c2c1,CHEMBL265130,CHEMBL265130,ChEMBL,31,421.453,4.290,2,8,7,2,7,3,106.620
O=C([O-])c1cc(F)ccc1Cn1nnc(-c2cccc(/C=C/c3ccc4ccc(Cl)cc4n3)c2)n1,CHEMBL264478,CHEMBL264478,ChEMBL,35,484.898,4.263,0,7,7,0,6,5,96.620
COC(=O)/C=C1/C(=O)N2C1S(=O)(=O)[C@@](C)(COC(=O)CSc1nnnn1C)[C@@H]2C(=O)O,CHEMBL1205150,CHEMBL1205150,ChEMBL,31,475.461,-2.247,1,14,13,1,7,1,187.950
NC(=O)c1ccccc1-n1cnc2ccccc21,CHEMBL153812,CHEMBL153812,ChEMBL,18,237.262,2.124,2,4,3,1,2,3,60.910
CC1CC(=O)NN=C1c1ccc(NC(=O)CCNCC(O)COc2cccc3[nH]ccc23)cc1,CHEMBL1203155,CHEMBL1203155,ChEMBL,34,463.538,2.386,5,9,6,5,10,3,127.840
CC(=O)c1cc2c(cc1O)OC(C)(C)C=C2,CHEMBL443462,CHEMBL443462,ChEMBL,16,218.252,2.779,1,3,3,1,1,1,46.530
C[C@@H]1CC[C@H]2[C@@H](C)[C@@H](OCC34CC5CC(CC(C5)C3)C4)O[C@@H]3O[C@@]4(C)CC[C@@H]1[C@@]23OO4,CHEMBL437851,CHEMBL437851,ChEMBL,31,432.601,5.427,0,5,5,0,3,0,46.150
CCCCCCO[C@H]1C=C(C(=O)O)O[C@@H]([C@H](O)[C@H](O)CO)[C@@H]1NC(C)=O,CHEMBL263614,CHEMBL263614,ChEMBL,26,375.418,-0.462,5,9,7,5,11,0,145.550
CC1(C)CCC(C)(C)c2cc3c(ccn3C(=O)c3ccc(C(=O)O)cc3)cc21,CHEMBL263193,CHEMBL263193,ChEMBL,28,375.468,5.377,1,4,3,1,2,3,59.300
C[C@H]1CC[C@@H](NCc2ccc3c(c2)Cc2c(-c4ccc(CC(=O)O)cc4)n[nH]c2-3)CC1,CHEMBL438329,CHEMBL438329,ChEMBL,31,415.537,4.943,3,5,3,3,6,3,78.010
C=C(C)N1Cc2cccc3[nH]c(=O)n(c23)C(C)C1,CHEMBL443332,CHEMBL443332,ChEMBL,18,243.310,2.240,1,4,3,1,1,2,41.030
Cc1ccc(OCCCON/C(N)=N/C(N)=N/C(C)C)cc1C,CHEMBL1203252,CHEMBL1203252,ChEMBL,23,321.425,1.631,5,7,3,3,7,1,107.250
CC(C#CCN1CCCC1)N(C)S(C)(=O)=O,CHEMBL155263,CHEMBL155263,ChEMBL,16,244.360,0.365,0,4,3,0,3,0,40.620
C/C(=CCC1OC(=O)NC1=O)c1cccc(OCCc2nc(-c3ccccc3)oc2C)c1,CHEMBL266873,CHEMBL266873,ChEMBL,32,432.476,4.700,1,7,6,1,8,3,90.660
CC(=O)O[C@H]1c2c(ccc3ccc(=O)oc23)OC(C)(C)[C@H]1OC(C)=O,CHEMBL444434,CHEMBL444434,ChEMBL,25,346.335,2.500,0,7,7,0,2,2,92.040
CCN(CC)c1nc(Cc2c(F)cccc2F)cc(=O)[nH]1,CHEMBL438132,CHEMBL438132,ChEMBL,21,293.317,2.485,1,4,3,1,5,2,48.990
c1cc2c(c(N3CCN(CCCCCc4c[nH]c5ccccc45)CC3)c1)OCCO2,CHEMBL263329,CHEMBL263329,ChEMBL,30,405.542,4.474,1,5,4,1,7,3,40.730
CN(C)CCNC(=O)C(=O)CCCCCCOc1ccc(-c2ccccc2)cc1,CHEMBL265564,CHEMBL265564,ChEMBL,29,396.531,3.930,1,5,4,1,13,2,58.640
Cc1ccccc1-c1cc(C(OCc2ccc(Cl)cc2)c2cncn2C)ccc1C#N,CHEMBL262819,CHEMBL262819,ChEMBL,31,427.935,6.227,0,4,4,0,6,4,50.840
CC(=O)N[C@@H](Cc1cc(F)cc(F)c1)[C@H](O)[C@H]1CO[C@@H](OCC2CCCCC2)CN1,CHEMBL4116001,CHEMBL4116001,ChEMBL,30,426.504,2.284,3,6,5,3,8,1,79.820
CCNC(=O)Nc1nc2cc(-c3cccnc3)cc(-c3cnn(C)c3)n2n1,CHEMBL443886,CHEMBL443886,ChEMBL,27,362.397,2.333,2,9,7,2,4,4,102.030
CCOc1ccc(/C=C/C(=O)NCCCCN2CCN(C(c3ccccc3)c3ccccc3)CC2)cn1,CHEMBL156037,CHEMBL156037,ChEMBL,37,498.671,4.797,1,6,5,1,12,3,57.700
CCNc1cccnc1N1CCN(C(=O)c2cnc3ccccc3c2)CC1,CHEMBL268086,CHEMBL268086,ChEMBL,27,361.449,3.024,1,6,5,1,4,3,61.360
CCCCCn1cc(C(=O)NC2C3CC4CC(C3)CC2C4)c(=O)c2ccccc21,CHEMBL264521,CHEMBL264521,ChEMBL,29,392.543,4.746,1,4,3,1,6,2,51.100
OC(/C=C/C=C/c1ccccc1)CCc1ccccc1,CHEMBL500790,CHEMBL500790,ChEMBL,20,264.368,4.250,1,1,1,1,6,2,20.230
c1ccc(CCC2=NOC(c3ccccc3)C2)cc1,CHEMBL500798,CHEMBL500798,ChEMBL,19,251.329,4.137,0,2,2,0,4,2,21.590
CCCC(C)(C)C(=O)N[C@H]1CCCCNC1=O,CHEMBL444736,CHEMBL444736,ChEMBL,17,240.347,1.598,2,4,2,2,4,0,58.200
O=C(CCc1ccc(F)cc1)N[C@H]1CCOC1=O,CHEMBL444924,CHEMBL444924,ChEMBL,18,251.257,1.190,1,4,3,1,4,1,55.400
C#CCN(Cc1ccc2nc(C)nc(O)c2c1)c1ccc(C(=O)N[C@@H](C(=O)O)C(C)C)cc1,CHEMBL267832,CHEMBL267832,ChEMBL,33,446.507,3.123,3,8,6,3,8,3,115.650
CN(C)c1cccc2c(S(=O)(=O)Nc3cnc(Br)cn3)cccc12,CHEMBL268339,CHEMBL268339,ChEMBL,24,407.293,3.259,1,6,5,1,4,3,75.190
COC(=O)C1=C(C)NC(C)=C(C(=O)OC)C1c1c(-c2cc(OC)ccc2OC)nc2sccn12,CHEMBL438024,CHEMBL438024,ChEMBL,34,483.546,3.661,1,9,10,1,6,3,100.390
CC(C)CSc1cc(SCC(C)C)nc(SCC(C)C)n1,CHEMBL499809,CHEMBL499809,ChEMBL,21,344.615,5.721,0,2,5,0,9,1,25.780
COC[C@H]1OC(O)=C2C1=NC1=C(C(=O)COC1)[C@H]2c1ccc(F)c(Br)c1,CHEMBL216546,CHEMBL216546,ChEMBL,26,424.222,2.795,1,6,6,1,3,1,77.350
CC1CCN(C(=O)[C@H](CCCNc2ccccn2)NS(=O)(=O)c2ccc3ccccc3c2)CC1,CHEMBL262244,CHEMBL262244,ChEMBL,34,480.634,4.033,2,7,5,2,9,3,91.400
O=C1NC(Cc2c[nH]c3ccccc23)C(=O)N2C(c3ccccc3)c3[nH]c4ccccc4c3C[C@@H]12,CHEMBL262399,CHEMBL262399,ChEMBL,35,460.537,4.233,3,6,2,3,3,5,80.990
O=C(O)C(Cc1c[nH]c2ccccc12)NC(=O)C(CS)C1CCc2cc(O)ccc21,CHEMBL262267,CHEMBL262267,ChEMBL,30,424.522,3.261,4,6,4,5,7,3,102.420
CC(C)(C(=O)O)c1cccnc1Nc1ccc(Cl)cc1,CHEMBL1205372,CHEMBL1205372,ChEMBL,20,290.750,3.841,2,4,3,2,4,2,62.220
CCS(=O)(=O)c1ccc2oc(Cc3ccc(C)cc3)nc2c1,CHEMBL498871,CHEMBL498871,ChEMBL,22,315.394,3.521,0,4,4,0,4,3,60.170
CCCNC(=O)[C@H](N)[C@@H](O)c1ccc([N+](=O)[O-])cc1,CHEMBL499906,CHEMBL499906,ChEMBL,19,267.285,0.482,4,7,5,3,6,1,118.490
CCOc1cc2cc3[n+](cc2cc1OC)CCc1cc2c(cc1-3)OCO2,CHEMBL503603,CHEMBL503603,ChEMBL,26,350.394,3.486,0,5,4,0,3,3,40.800
CCOC(=O)C(O)(c1ccc[nH]1)C(F)(F)F,CHEMBL503725,CHEMBL503725,ChEMBL,16,237.177,1.328,2,4,3,2,3,1,62.320
COc1ccc(OCC2=NC(c3ccccc3)c3ccccc3CN2C)cc1,CHEMBL1203132,CHEMBL1203132,ChEMBL,28,372.468,4.708,0,4,4,0,5,3,34.060
CCc1c(C#N)c(-c2ccc(-c3ccc(OC)cc3)cc2)c(C(=O)O)n1C,CHEMBL385384,CHEMBL385384,ChEMBL,27,360.413,4.500,1,5,4,1,5,3,75.250
Cc1c(N2CC[C@@H]([C@H](C)N)C2)c(F)cc2c(=O)n(N)c(=O)n(C3CC3)c12,CHEMBL383917,CHEMBL383917,ChEMBL,26,361.421,0.833,4,7,7,2,3,2,99.280
CCN(CC)Cc1c[nH]c(C)c(O)c1=O,CHEMBL503559,CHEMBL503559,ChEMBL,15,210.277,1.231,2,4,3,2,4,1,56.330
Cn1c(CSCC(=O)Nc2ccccc2)nnc1SCC(=O)Nc1ccccc1,CHEMBL265830,CHEMBL265830,ChEMBL,29,427.555,3.418,2,7,7,2,9,3,88.910
CC(C)(N)CNC(=O)C[C@@H]1CCC[C@]2(C1)OOC1(O2)C2CC3CC(C2)CC1C3,CHEMBL4116111,CHEMBL4116111,ChEMBL,28,392.540,3.247,3,6,5,2,4,0,82.810
COc1ccccc1N1CCN(CC(O)c2ccc(O)c(C(N)=O)c2)CC1,CHEMBL1203140,CHEMBL1203140,ChEMBL,27,371.437,1.355,4,7,6,3,6,2,99.260
CCCN1CCO[C@H]2c3cc(C(N)=O)ccc3CC[C@@H]21,CHEMBL500627,CHEMBL500627,ChEMBL,20,274.364,1.884,2,4,3,1,3,1,55.560
Fc1ccc(-c2nn3cc(Cl)ccc3c2-c2ccncc2)cc1,CHEMBL501070,CHEMBL501070,ChEMBL,23,323.758,4.856,0,3,3,0,2,4,30.190
CN1C(=O)[C@@H](N)CCCC/C=CC[C@@H](C(=O)NCc2ccccc2)NC(=O)[C@@H]1Cc1ccc(O)cc1,CHEMBL1782891,CHEMBL1782891,ChEMBL,36,492.620,2.411,5,8,5,4,5,2,124.760
O=C(Nc1ccc(C2=NCCN2)cn1)c1sc2ccccc2c1Cl,CHEMBL500064,CHEMBL500064,ChEMBL,24,356.838,3.552,2,5,5,2,3,3,66.380
CCN(CC)/C(=NC#N)C1=CC(C)(C)Oc2ccc([N+](=O)[O-])cc21,CHEMBL263879,CHEMBL263879,ChEMBL,24,328.372,3.371,0,7,5,0,4,1,91.760
CC(C)(C)c1ccc(C(=O)NC(=O)Nc2cccc(C3CN4CCSC4=N3)c2)cc1,CHEMBL264055,CHEMBL264055,ChEMBL,30,422.554,4.406,2,6,5,2,3,2,73.800
COc1cccc(CN2CCC[C@@H]2[C@H](O)CNC(C)(C)Cc2ccc3ccccc3c2)c1,CHEMBL265362,CHEMBL265362,ChEMBL,32,432.608,4.785,2,4,4,2,9,3,44.730
CCN1C(N(C)C)=Nc2ccccc2C1CC(=O)NCc1ccccc1,CHEMBL385868,CHEMBL385868,ChEMBL,26,350.466,3.319,1,5,4,1,5,2,47.940
COC(=O)[C@H](CC(C)C)N1C(=O)[C@@H]2Cc3c([nH]c4ccccc34)CN2C1(C)C,CHEMBL504192,CHEMBL504192,ChEMBL,28,383.492,3.061,1,6,4,1,4,2,65.640
O=C(/C=C/c1ccc(/C=N/OCc2ccccc2)cc1)NO,CHEMBL505806,CHEMBL505806,ChEMBL,22,296.326,2.756,2,5,4,2,6,2,70.920
Cc1cc2c(c(=O)[nH]1)C(=O)O/C2=Cc1cc2ccccc2s1,CHEMBL503623,CHEMBL503623,ChEMBL,22,309.346,3.567,1,4,4,1,1,3,59.160
CCN1CCN(CCCCOC(=O)c2cc(O)c3c(c2)C(=O)c2cccc(O)c2C3=O)CC1,CHEMBL4116124,CHEMBL4116124,ChEMBL,33,452.507,2.448,2,8,8,2,7,2,107.380
COc1ccc([C@@]2(C#N)C[C@@H]3C[C@H](C(=O)O)C[C@@H]3C2)cc1OCC1CC1,CHEMBL269289,CHEMBL269289,ChEMBL,26,355.434,3.766,1,5,4,1,6,1,79.550
C#C[C@H]1CC[C@@H](C#N)N1C(=O)CNC12CC3CC(CC(O)(C3)C1)C2,CHEMBL386654,CHEMBL386654,ChEMBL,24,327.428,1.176,2,5,4,2,3,0,76.360
Cc1ccc(C(N)=O)cc1Nc1ncnc2c1cnn2-c1ccccc1,CHEMBL439267,CHEMBL439267,ChEMBL,26,344.378,2.966,3,7,6,2,4,4,98.720
CC(C)C[C@@H](C(=O)O)N1C(=O)C(=C(c2ccccc2)c2ccccc2)SC1=S,CHEMBL439400,CHEMBL439400,ChEMBL,28,411.548,4.806,1,4,4,1,6,2,57.610
COc1ccccc1N1CCN(CCCN2C(=O)C3Sc4ccccc4C3N(C)C2=O)CC1,CHEMBL525996,CHEMBL525996,ChEMBL,33,466.607,3.317,0,7,6,0,6,2,56.330
O=C(OCCCN1CCCCC1)c1cc(O)c2c(c1)C(=O)c1cccc(O)c1C2=O,CHEMBL4116125,CHEMBL4116125,ChEMBL,30,409.438,2.906,2,7,7,2,5,2,104.140
CC(C)OC(=O)C(C)CNC(=O)[C@H](N)CC(=O)O,CHEMBL154392,CHEMBL154392,ChEMBL,18,260.290,-0.508,4,7,5,3,7,0,118.720
CN1CCN(c2ccc(Nc3ncc(C#N)c(Nc4ccccc4C(N)=O)n3)cc2)CC1,CHEMBL527864,CHEMBL527864,ChEMBL,32,428.500,2.686,4,9,8,3,6,3,123.200
COC(=O)C(C)/C1=C/C=C(/C)CC[C@H]2O[C@]2(C)CC/C=C(/C)CC1,CHEMBL503330,CHEMBL503330,ChEMBL,24,332.484,5.126,0,3,3,0,2,0,38.830
COc1cnc(-c2ccc(O)c(O)c2)o1,CHEMBL503400,CHEMBL503400,ChEMBL,15,207.185,1.761,2,5,5,2,2,2,75.720
c1csc(CNC23CC4CC(CC2C4)C3)c1,CHEMBL500090,CHEMBL500090,ChEMBL,16,233.380,3.416,1,1,2,1,3,1,12.030
Cc1cccc(OCc2cn(CCn3c([N+](=O)[O-])cnc3C)nn2)c1,CHEMBL500236,CHEMBL500236,ChEMBL,25,342.359,2.279,0,9,8,0,7,3,100.900
CC(=O)N[C@@H]1Cc2c([nH]c3ccccc23)CN([C@@H](CCCCN)C(=O)NCc2ccccc2)C1=O,CHEMBL501699,CHEMBL501699,ChEMBL,35,475.593,2.371,5,8,4,4,9,3,120.320
N=C(N)NC(=O)c1nc(Cl)c(N2CCCCCC2)nc1N,CHEMBL501701,CHEMBL501701,ChEMBL,21,311.777,0.716,6,8,6,4,2,1,134.010
Cc1ccc(Cl)c(S(=O)(=O)NC(CCC(N)=O)C(N)=O)c1,CHEMBL501770,CHEMBL501770,ChEMBL,21,333.797,0.046,5,7,4,3,7,1,132.350
CCC[C@@H](COC(=O)CC)NC(=O)[C@H](N)CC(=O)O,CHEMBL154463,CHEMBL154463,ChEMBL,19,274.317,0.027,4,7,5,3,9,0,118.720
CN(C/C=C/c1cccc(F)c1)Cc1cccc2cc[nH]c12,CHEMBL4116121,CHEMBL4116121,ChEMBL,22,294.373,4.452,1,2,1,1,5,3,19.030
Oc1cc(C2CNCCc3c2cc(O)c(O)c3Cl)ccc1Cl,CHEMBL544585,CHEMBL544585,ChEMBL,22,340.206,3.388,4,4,4,4,1,2,72.720
O=c1oc(-c2ccccc2F)cc2c1sc1ccccc12,CHEMBL538928,CHEMBL538928,ChEMBL,21,296.322,4.814,0,2,3,0,1,4,30.210
CC1CCN(C(=O)c2ccc(C#Cc3ccccc3)cc2)CC1,CHEMBL539185,CHEMBL539185,ChEMBL,23,303.405,3.959,0,2,1,0,1,2,20.310
COc1cc(C(=O)N/N=C2C(=O)Nc3c(Cl)cc(Cl)cc32)cc(OC)c1OC,CHEMBL539138,CHEMBL539138,ChEMBL,28,424.240,3.105,2,8,6,2,5,2,98.250
CS/C=C(/C)n1c(C(=O)c2ccc(Br)cc2)noc1=O,CHEMBL508166,CHEMBL508166,ChEMBL,20,355.213,3.011,0,5,6,0,4,2,65.100
C/C=C/C=C/C(=O)O[C@H]1CCCC[C@H](O)[C@H](O)[C@@H](CCC)OC1=O,CHEMBL508224,CHEMBL508224,ChEMBL,24,340.416,2.038,2,6,6,2,5,0,93.060
Cn1cc(C2=C(c3coc4ccccc34)C(=O)NC2=O)c2ccc(O)cc21,CHEMBL503469,CHEMBL503469,ChEMBL,27,358.353,3.197,2,6,5,2,2,4,84.470
CCCCCOc1ccc(Oc2ccc(O)cc2)cc1,CHEMBL500079,CHEMBL500079,ChEMBL,20,272.344,4.754,1,3,3,1,7,2,38.690
COc1cc(-n2cc(C(C)=O)c3ccccc32)ccc1C(N)=O,CHEMBL500207,CHEMBL500207,ChEMBL,23,308.337,2.941,2,5,4,1,4,3,74.320
N#Cc1c(O)nc(N)nc1-c1ccccc1[N+](=O)[O-],CHEMBL540488,CHEMBL540488,ChEMBL,19,257.209,1.211,3,8,7,2,2,2,138.960
CC1=C(O)[C@@H](C/C(C)=CCC[C@H](C)/C=C/C=C(C)CCCC2=CCN(CC(=O)O)C2=O)OC1=O,CHEMBL1207940,CHEMBL1207940,ChEMBL,34,471.594,5.023,2,7,5,2,13,0,104.140
O=C(Nc1ccc(C(F)(F)F)cc1)NC1CCN(c2ccnc3cc(Cl)ccc23)C1,CHEMBL547542,CHEMBL547542,ChEMBL,30,434.849,5.307,2,5,3,2,3,3,57.260
CN(C)CCOc1cc(NC(=O)Nc2cccc([N+](=O)[O-])c2)ccc1I,CHEMBL549128,CHEMBL549128,ChEMBL,26,470.267,3.784,2,8,5,2,7,2,96.740
C/C=C/CCCC(C)/C(O)=C1C(=O)[C@H]([C@H](C)O)N(C)C1=O,CHEMBL503770,CHEMBL503770,ChEMBL,21,295.379,1.971,2,5,4,2,6,0,77.840
O=C(O)/C(O)=C/C(=O)c1ccnc2ccccc12,CHEMBL503802,CHEMBL503802,ChEMBL,18,243.218,1.944,2,5,4,2,3,2,87.490
C=CC[C@@H](OC(=O)C=C)c1ccc(C)c2ccccc12,CHEMBL503411,CHEMBL503411,ChEMBL,20,266.340,4.495,0,2,2,0,5,2,26.300
CC[C@H](C)[C@@H](CO)NS(=O)(=O)c1ccc(C(F)(F)F)cc1,CHEMBL507207,CHEMBL507207,ChEMBL,21,325.352,2.391,2,4,3,2,6,1,66.400
O=C(O)CNC(=O)Sc1ccccn1,CHEMBL503660,CHEMBL503660,ChEMBL,14,212.230,0.968,2,5,4,2,3,1,79.290
C#CCC[N+](C)(C)CCCCCCCCCCCC[N+](C)(C)CCC#C,CHEMBL175697,CHEMBL175697,ChEMBL,26,362.646,5.087,0,2,0,0,17,0,0.0
CCCC(=O)OC(Cn1ccnc1)c1ccc(Cl)cc1,CHEMBL4116113,CHEMBL4116113,ChEMBL,20,292.766,3.621,0,4,4,0,6,2,44.120
CC1=CC(C)(C)N=C(Nc2nc(C)c3cc(C)cc(C)c3n2)N1,CHEMBL522887,CHEMBL522887,ChEMBL,23,309.417,3.609,2,5,5,2,1,2,62.200
O=c1ccc2ccc(O[C@@H]3O[C@H](CO)[C@@H](O)[C@H](O)[C@H]3O)cc2o1,CHEMBL526377,CHEMBL526377,ChEMBL,23,324.285,-1.028,4,8,8,4,3,2,129.590
C=C1C(=O)O[C@H]2/C=C(/C)CC/C=C(/C)C[C@H](O)[C@@H]12,CHEMBL503702,CHEMBL503702,ChEMBL,18,248.322,2.522,1,3,3,1,0,0,46.530
NS(=O)(=O)c1ccc(C(=O)Oc2cncc(Cl)c2)cc1,CHEMBL503818,CHEMBL503818,ChEMBL,20,312.734,1.602,2,6,5,1,3,2,99.350
COc1ccc(C(=O)C[n+]2c(C)n(Cc3c4c(cc5c3OCC5)OCC4)c3ccccc32)cc1,CHEMBL4116116,CHEMBL4116116,ChEMBL,34,455.534,4.047,0,6,5,0,6,4,53.570
N#CC1(c2ccccc2)CCN(CCCc2ccccc2)CC1,CHEMBL502461,CHEMBL502461,ChEMBL,23,304.437,4.177,0,2,2,0,5,2,27.030
Cc1nc2nc(N)nc(N)c2c(C)c1Cc1ccccc1Cl,CHEMBL531595,CHEMBL531595,ChEMBL,22,313.792,3.050,4,5,5,2,2,3,90.710
COc1cc(Nc2ccnc3cc(-c4ccncc4)ccc23)cc(OC)c1OC,CHEMBL529327,CHEMBL529327,ChEMBL,29,387.439,5.066,1,6,6,1,6,4,65.500
COCCn1cnc2c(O)nc(Nc3ccccc3)nc21,CHEMBL154209,CHEMBL154209,ChEMBL,21,285.307,1.922,2,7,7,2,5,3,85.090
O=C(Nc1cccc(OC(F)F)c1)c1ccccn1,CHEMBL541754,CHEMBL541754,ChEMBL,19,264.231,2.935,1,4,3,1,4,2,51.220
C[C@H](C(=O)NCCc1ccccc1O)c1cccc(Oc2ccccc2)c1,CHEMBL539434,CHEMBL539434,ChEMBL,27,361.441,4.647,2,4,3,2,7,3,58.560
COc1ccc2c(O)cc(OC)c(O)c2c1O,CHEMBL526908,CHEMBL526908,ChEMBL,17,236.223,1.974,3,5,5,3,2,2,79.150
CCOC(=O)c1ccc2c(c1)NC(=O)/C2=C(Nc1ccc(CN2CCCCC2)cc1)c1ccccc1,CHEMBL525443,CHEMBL525443,ChEMBL,36,481.596,5.782,2,6,5,2,7,3,70.670
N=C(NCCC[C@H](N)C(=O)N[C@@H](CCN)C(N)=O)N[N+](=O)[O-],CHEMBL1204421,CHEMBL1204421,ChEMBL,22,318.338,-3.282,10,12,7,7,10,0,215.280
O=C(NCc1ccc(S(=O)(=O)O)cc1)C(CS)Cc1ccccc1,CHEMBL1205831,CHEMBL1205831,ChEMBL,24,365.476,2.338,2,5,4,3,7,2,83.470
CCCC[C@H](CC)NC(=O)[C@H](N)CC(=O)O,CHEMBL154556,CHEMBL154556,ChEMBL,16,230.308,0.873,4,5,3,3,8,0,92.420
COc1cc(O)cc2c1C(=O)CC(c1ccc(O)cc1)O2,CHEMBL501251,CHEMBL501251,ChEMBL,21,286.283,2.813,2,5,5,2,2,2,75.990
Nc1ncnc2c1ncn2CC(=O)c1cccnc1,CHEMBL501256,CHEMBL501256,ChEMBL,19,254.253,0.686,2,7,7,1,3,3,99.580
C1=CC(CCNc2ncnc3[nH]cnc23)CCC1,CHEMBL507307,CHEMBL507307,ChEMBL,18,243.314,2.511,2,5,4,2,4,2,66.490
N#Cc1c(N)nc(Sc2ccc(O)cc2)c(C#N)c1-c1ccc(Cl)cc1,CHEMBL507464,CHEMBL507464,ChEMBL,26,378.844,4.584,3,5,6,2,3,3,106.720
COc1cc(CNc2ccc(C(C)C)cc2)cc(OC)c1OC,CHEMBL540951,CHEMBL540951,ChEMBL,23,315.413,4.448,1,4,4,1,7,2,39.720
O[C@@]12CCCC[C@@]13CCN(CC1CCC1)[C@@H]2Cc1ccc(OCc2ccccc2)cc13,CHEMBL524505,CHEMBL524505,ChEMBL,31,417.593,5.239,1,3,3,1,5,2,32.700
COc1ccc2c(c1)C(C)(CCCN(C)C)C(=O)N2C,CHEMBL537349,CHEMBL537349,ChEMBL,20,276.380,2.271,0,4,3,0,5,1,32.780
CCCCCCCCCCC1(O)CCOC(=O)C1,CHEMBL154414,CHEMBL154414,ChEMBL,18,256.386,3.585,1,3,3,1,9,0,46.530
COc1cc(-c2cc(N3CCOCC3)nc(N)n2)cc(OC)c1OC,CHEMBL552528,CHEMBL552528,ChEMBL,25,346.387,1.588,2,8,8,1,5,2,91.960
COc1ccc2c(CCCN3CCC[C@@H](C)C3)cccc2c1,CHEMBL552542,CHEMBL552542,ChEMBL,22,297.442,4.513,0,2,2,0,5,2,12.470
O=c1ccc2nccc3c4c(O)cccc4n1c23,CHEMBL504142,CHEMBL504142,ChEMBL,18,236.230,2.144,1,4,4,1,0,4,54.600
O=C1C(=O)N(Cc2ccc(Br)cc2)c2ccc(Cl)cc21,CHEMBL503846,CHEMBL503846,ChEMBL,20,350.599,3.832,0,3,2,0,2,2,37.380
COc1ccc(C(CCN(C)CC(=O)O)Oc2ccc(C(F)(F)F)cc2)cc1,CHEMBL1204461,CHEMBL1204461,ChEMBL,28,397.393,4.241,1,5,4,1,9,2,59.000
NC(=O)Nc1sc(-c2ccc(CN3CCCCC3)cc2)cc1C(N)=O,CHEMBL507700,CHEMBL507700,ChEMBL,25,358.467,2.991,5,6,4,3,5,2,101.450
O=C(O)CCCc1ccc(Cn2ccc(=O)[nH]c2=O)cc1,CHEMBL503907,CHEMBL503907,ChEMBL,21,288.303,0.992,2,6,4,2,6,2,92.160
CC(C)CNCC(C)(C)NCC(=O)N1C[C@@H](F)C[C@H]1C#N,CHEMBL504237,CHEMBL504237,ChEMBL,21,298.406,1.063,2,5,4,2,7,0,68.160
COc1ccc(S(=O)(=O)n2cccc2)cc1,CHEMBL504254,CHEMBL504254,ChEMBL,16,237.280,1.734,0,4,4,0,3,2,48.300
O=C1NC(NC2CC2)=N/C1=Cc1c[nH]c2ncccc12,CHEMBL524910,CHEMBL524910,ChEMBL,20,267.292,1.142,3,6,4,3,2,2,82.170
O=C1c2cccc3c(-c4cc(=O)c5ccccc5o4)ccc(c23)C(=O)N1CCCCN1CCNCC1,CHEMBL4116093,CHEMBL4116093,ChEMBL,36,481.552,3.895,1,7,6,1,6,4,82.860
CCCCCCOc1ccc(C(=O)CCN(C)C)c(N(C)C)c1,CHEMBL552742,CHEMBL552742,ChEMBL,23,320.477,3.846,0,4,4,0,11,1,32.780
O=C(O)c1cn([C@]2(C(=O)O)O[C@H](CO)[C@@H](O)[C@H](O)[C@H]2O)nn1,CHEMBL1208484,CHEMBL1208484,ChEMBL,22,319.226,-3.812,6,12,10,6,4,1,195.460
O=C(CP(=O)(O)OCc1ccc(-c2ccccc2)cc1)c1ccc(-c2ccccc2)cc1,CHEMBL1208034,CHEMBL1208034,ChEMBL,32,442.451,6.606,1,4,3,1,8,4,63.600
CN(C)C(=O)n1nnc(CCc2ccccc2)n1,CHEMBL504374,CHEMBL504374,ChEMBL,18,245.286,0.988,0,6,5,0,3,2,63.910
C#C/C=C/CCCCCCCCCC/C=CCCCCCC,CHEMBL500758,CHEMBL500758,ChEMBL,22,302.546,7.603,0,0,0,0,16,0,0.0
COc1ccc(-c2nc3ccc(F)cc3o2)c(OC)c1,CHEMBL501136,CHEMBL501136,ChEMBL,20,273.263,3.651,0,4,4,0,3,3,44.490
COc1cc2c(cc1OC)CN(CC1=NCCN1)CC2,CHEMBL155439,CHEMBL155439,ChEMBL,20,275.352,1.064,1,5,5,1,4,1,46.090
CN1C2CCC1CC(OC1c3ccccc3CCc3ccccc31)C2,CHEMBL503237,CHEMBL503237,ChEMBL,25,333.475,4.516,0,2,2,0,2,2,12.470
CN(CCC(Cc1ccc(C(F)(F)F)cc1)c1ccccc1)CC(=O)O,CHEMBL1204470,CHEMBL1204470,ChEMBL,26,365.395,4.438,1,3,2,1,8,2,40.540
CC1(C)CCC[C@@]2(C)[C@H]1CCC1=CC(=O)[C@@]3(C)C[C@@]12CC3=O,CHEMBL503391,CHEMBL503391,ChEMBL,22,300.442,4.478,0,2,2,0,0,0,34.140
O=C1CCCCCC1S(=O)(=O)c1cc(C(F)(F)F)cc(C(F)(F)F)c1,CHEMBL503474,CHEMBL503474,ChEMBL,25,388.329,4.400,0,3,3,0,2,1,51.210
Cc1ccc(OC2CCN(CCCCC3(C)C(=O)Nc4ccccc43)CC2)cc1,CHEMBL536204,CHEMBL536204,ChEMBL,29,392.543,4.919,1,4,3,1,7,2,41.570
O=C(Nc1ccc(F)cc1)c1cnc(N2CCN(c3ccncc3)CC2)c(Cl)c1,CHEMBL536883,CHEMBL536883,ChEMBL,29,411.868,3.848,1,6,5,1,4,3,61.360
CC1(C)Oc2ccc([N+](=O)[O-])cc2[C@@H](N2CCCCCC2)[C@@H]1O,CHEMBL541537,CHEMBL541537,ChEMBL,23,320.389,3.044,1,6,5,1,2,1,75.840
Nc1ccc2nc(-c3ccc(F)cc3)oc2c1,CHEMBL526533,CHEMBL526533,ChEMBL,17,228.226,3.216,2,3,3,1,1,3,52.050
CC(C)(CO)NC(=O)Cn1cccc(NC(=O)c2ccccc2)c1=O,CHEMBL539191,CHEMBL539191,ChEMBL,25,343.383,0.988,3,7,5,3,6,2,100.430
N[C@@H](C(=O)NCc1ccc(F)cc1)[C@@H](O)c1ccc([N+](=O)[O-])cc1,CHEMBL499087,CHEMBL499087,ChEMBL,24,333.319,1.411,4,7,5,3,6,2,118.490
O=C1NC(=O)c2ccc(I)cc2/C1=C/NCc1ccc(-c2ccoc2)c(O)c1,CHEMBL504547,CHEMBL504547,ChEMBL,28,486.265,3.658,3,6,5,3,4,3,91.570
O=C1Nc2ccc(OC(F)(F)F)cc2/C1=N/NC(=S)NC1CCCCC1,CHEMBL501544,CHEMBL501544,ChEMBL,26,386.399,3.038,3,6,4,3,3,1,74.750
CCOc1cc2c(cn1)[nH]c1ccccc12,CHEMBL498936,CHEMBL498936,ChEMBL,16,212.252,3.115,1,3,2,1,2,3,37.910
Cc1cc(Cl)ccc1C(OCCN1CCCC(C(=O)O)C1)c1ccc(Cl)cc1C,CHEMBL553153,CHEMBL553153,ChEMBL,29,436.379,5.513,1,4,3,1,7,2,49.770
O=C(c1ccccc1)c1nccc2ccccc12,CHEMBL553669,CHEMBL553669,ChEMBL,18,233.270,3.466,0,2,2,0,2,3,29.960
O=C(NCCc1c[nH]c2ccc(O)cc12)c1ccc(O)cc1,CHEMBL554586,CHEMBL554586,ChEMBL,22,296.326,2.552,4,5,3,4,4,3,85.350
O=C1C=CC[C@H]([C@@H](O)[C@H](Cl)c2ccccc2)O1,CHEMBL506162,CHEMBL506162,ChEMBL,17,252.697,2.199,1,3,3,1,3,1,46.530
O=P(O)(O)C(CSc1ncc[nH]1)P(=O)(O)O,CHEMBL504429,CHEMBL504429,ChEMBL,16,288.158,0.183,5,8,4,5,5,1,143.740
CC(C)(C)C(N)C(=O)N1CCCC1C#N,CHEMBL499523,CHEMBL499523,ChEMBL,15,209.293,0.874,2,4,3,1,1,0,70.120
Cn1nc(C(F)(F)F)c(Br)c1C(=O)Nc1ccc(S(=O)(=O)N2CCCC2)cc1,CHEMBL509195,CHEMBL509195,ChEMBL,28,481.294,3.238,1,7,5,1,4,2,84.300
N=C(N)NCCC[C@H](NC(=O)[C@@H](S)Cc1ccccc1)C(=O)O,CHEMBL509348,CHEMBL509348,ChEMBL,23,338.433,0.360,6,7,4,6,9,1,128.300
O=c1[nH]c(=O)n([C@H]2C[C@H](O)[C@@H](CO)O2)cc1CCC[18F],CHEMBL500007,CHEMBL500007,ChEMBL,20,287.278,-0.921,3,7,6,3,5,1,104.550
CCCOC(=O)c1ccc(Cl)cc1NC(=O)c1c(Cl)cccc1Cl,CHEMBL468771,CHEMBL468771,ChEMBL,24,386.662,5.466,1,4,3,1,5,2,55.400
CC1=CC(=O)[C@@H](O)[C@@]2(C)[C@H]1C[C@@H](O)[C@@]13CO[C@]4(C)[C@@H](OC(=O)[C@@H](O)C[C@@H]41)[C@H](O)[C@H]23,CHEMBL470546,CHEMBL470546,ChEMBL,29,408.447,-0.678,4,8,8,4,0,0,133.520
CCCC[C@H](CN(O)C=O)C(=O)N1Cc2ccccc2C[C@H]1C(=O)N(C)C,CHEMBL2310848,CHEMBL2310848,ChEMBL,27,375.469,1.682,1,7,4,1,8,1,81.160
Cc1ccc(NC(=O)Nc2ccccc2)c(C)c1,CHEMBL501925,CHEMBL501925,ChEMBL,18,240.306,3.947,2,3,1,2,2,2,41.130
O=[N+]([O-])c1ccc(-c2nnc(N3CCS(=O)(=O)CC3)s2)o1,CHEMBL501499,CHEMBL501499,ChEMBL,21,330.347,0.941,0,9,9,0,3,2,119.440
CN(C)C(=O)c1nc2ccc(Cl)cc2n1C,CHEMBL501597,CHEMBL501597,ChEMBL,16,237.690,1.929,0,4,3,0,1,2,38.130
CC1=CC=C(C=O)C(c2ccc(N(C)C)cc2)C1,CHEMBL501650,CHEMBL501650,ChEMBL,18,241.334,3.312,0,2,2,0,3,1,20.310
CC1=C(C)C(=O)O[C@@H]([C@]2(C)OC(=O)[C@]34CC[C@H]5[C@@H](C[C@H]6O[C@]67[C@@H](O)CCC(=O)[C@]57C)[C@@H]3CC[C@@H]42)C1,CHEMBL502237,CHEMBL502237,ChEMBL,35,484.589,3.264,1,7,7,1,1,0,102.430
CCOCCc1cc(-c2ccc(S(C)(=O)=O)cc2)n(-c2ccc(F)cc2)c1C,CHEMBL476536,CHEMBL476536,ChEMBL,28,401.503,4.574,0,4,4,0,7,3,48.300
O=C(NCC/C=C/c1ccccc1)c1ccccc1CN1CCc2ccc(O)cc2C1,CHEMBL153717,CHEMBL153717,ChEMBL,31,412.533,4.784,2,4,3,2,7,3,52.570
NC(=S)N/N=C/CC(=O)c1ccccc1,CHEMBL503814,CHEMBL503814,ChEMBL,15,221.285,1.078,3,4,3,2,4,1,67.480
CC(=O)N[C@H]1CN(CCCCCCO)C(=O)[C@H](O)[C@@H]1O,CHEMBL526183,CHEMBL526183,ChEMBL,20,288.344,-1.392,4,7,5,4,7,0,110.100
CCCCCCCn1c2c(c(=N)c3c1CCC3)CCCC2,CHEMBL536166,CHEMBL536166,ChEMBL,21,286.463,4.305,1,2,2,1,6,1,28.780
COc1ccccc1C/N=C(N)c1cc2cc(F)ccc2[nH]1,CHEMBL537860,CHEMBL537860,ChEMBL,22,297.333,3.221,3,4,2,2,4,3,63.400
Cn1nc(C(=O)NCCO)c2c1-c1nc(Nc3ccccc3)ncc1CC2,CHEMBL538195,CHEMBL538195,ChEMBL,27,364.409,1.441,3,8,7,3,5,3,104.960
C/C=C/C(=O)Cc1cc2c(Nc3cccc(Br)c3)ncnc2cn1,CHEMBL501618,CHEMBL501618,ChEMBL,24,383.249,4.219,1,5,5,1,5,3,67.770
Nc1nc(N)nc(SCC(=O)NCc2ccc(F)cc2)n1,CHEMBL506172,CHEMBL506172,ChEMBL,21,308.342,0.584,5,7,7,3,5,2,119.810
O=C(Cc1ccccc1)Nc1cccc(C(=O)/C=C(O)C(=O)O)c1,CHEMBL500308,CHEMBL500308,ChEMBL,24,325.320,2.577,3,6,4,3,6,2,103.700
CN1[C@@H](CCCc2ccccc2)CCC[C@H]1Cc1ccccc1,CHEMBL500548,CHEMBL500548,ChEMBL,23,307.481,5.105,0,1,1,0,6,2,3.240
Cc1ccc(-c2c(CN)c(CC(C)C)nc(C)c2C(=O)OCc2ccc(C(=O)O)cc2)cc1,CHEMBL4116099,CHEMBL4116099,ChEMBL,33,446.547,5.078,3,6,5,2,8,3,102.510
CC(C)=C1C=C(CN2CCCC2=O)C(=O)O1,CHEMBL502212,CHEMBL502212,ChEMBL,16,221.256,1.386,0,4,3,0,2,0,46.610
CCn1ncc2c(-c3cncc(C)c3)c(/C=C/C(=O)O)cnc21,CHEMBL502494,CHEMBL502494,ChEMBL,23,308.341,2.919,1,6,5,1,4,3,80.900
N#Cc1c(O)nc(N)nc1-c1cccc(Cl)c1,CHEMBL538460,CHEMBL538460,ChEMBL,17,246.657,1.956,3,5,5,2,1,2,95.820
CCCCCCS(=O)(=O)NCCCc1c[nH]c(N)n1,CHEMBL541764,CHEMBL541764,ChEMBL,19,288.417,1.424,4,6,4,3,10,1,100.870
CC(=O)Nc1cc(F)c(C(=O)O)cc1NC(C)=O,CHEMBL539442,CHEMBL539442,ChEMBL,18,254.217,1.441,3,6,3,3,3,1,95.500
Cn1c(=O)c2[nH]c3cccnc3c2n(C)c1=O,CHEMBL541185,CHEMBL541185,ChEMBL,17,230.227,0.113,1,6,5,1,0,3,72.680
COc1ccc(CC(=O)NC(N/C(=N/C#N)Nc2ccc(F)c(F)c2)C(C)(C)C)cc1OC,CHEMBL504419,CHEMBL504419,ChEMBL,33,459.497,3.552,3,8,5,3,7,2,107.770
C=C(C)[C@@H]1[C@H](O)C=C(C)[C@@H]2CC[C@H](C)C[C@H]21,CHEMBL507542,CHEMBL507542,ChEMBL,16,220.356,3.552,1,1,1,1,1,0,20.230
COc1cccc(N2c3ccc(Cl)cc3S(=O)(=O)c3c(N)n[nH]c32)c1,CHEMBL499823,CHEMBL499823,ChEMBL,25,376.825,3.270,3,7,6,2,2,3,101.310
O=C(N[C@@H]1CCOC1)c1cccc(-n2ncc3cc(OS(=O)(=O)O)ccc32)c1,CHEMBL4116114,CHEMBL4116114,ChEMBL,28,403.416,1.726,2,9,7,2,5,3,119.750
CN(C)c1ccc(C2=NC(C)(C)C(C)(C)N2O)cc1,CHEMBL500377,CHEMBL500377,ChEMBL,19,261.369,2.761,1,4,4,1,2,1,39.070
CN(C)c1ccc(/C=N/NC(=O)Nc2nc3c(ccc4ccccc43)s2)cc1,CHEMBL505285,CHEMBL505285,ChEMBL,28,389.484,4.671,2,6,5,2,4,4,69.620
CC(C)=CCC/C(C)=C/Cc1c(O)cc(/C=C/c2ccccc2)cc1O,CHEMBL500257,CHEMBL500257,ChEMBL,26,348.486,6.503,2,2,2,2,7,2,40.460
CSCCNC(=O)NS(=O)(=O)c1cccc(Cl)c1,CHEMBL500269,CHEMBL500269,ChEMBL,18,308.812,1.691,2,5,4,2,5,1,75.270
Cc1ncc(C2CCCN2C)c2c1[nH]c1ccccc12,CHEMBL500286,CHEMBL500286,ChEMBL,20,265.360,3.791,1,3,2,1,1,3,31.920
CC(C)(O)CCN1CCC(CNC(=O)c2cc(Cl)cc(Cl)c2)CC1,CHEMBL494682,CHEMBL494682,ChEMBL,24,373.324,3.596,2,4,3,2,6,1,52.570
Cc1nc(C)c(CN2CCN(C(=O)c3ccc(Cl)cc3Cl)CC2)nc1C,CHEMBL490449,CHEMBL490449,ChEMBL,26,393.318,3.667,0,5,4,0,3,2,49.330
O=c1[nH]c(=O)n([C@H]2C[C@H](O)[C@@H](CO)O2)cc1CCCCCF,CHEMBL525206,CHEMBL525206,ChEMBL,22,316.329,-0.140,3,7,6,3,7,1,104.550
NC(=S)N1N=C(c2ccccc2)CC1c1ccccc1Cl,CHEMBL503204,CHEMBL503204,ChEMBL,21,315.829,3.735,2,3,2,1,2,2,41.620
O=C(O)[C@H]1NCC[C@@H]1c1cccc(C(F)(F)F)c1,CHEMBL4116117,CHEMBL4116117,ChEMBL,18,259.227,2.236,2,3,2,2,2,1,49.330
CCOc1ccccc1C1CN(c2nc(-c3ccncc3)cc(=O)n2C)CCN1,CHEMBL4116118,CHEMBL4116118,ChEMBL,29,391.475,2.392,1,7,7,1,5,3,72.280
CC(C)c1sc(-c2ccccc2)c(C2CCCCC2)c1/C=C/[C@@H](O)C[C@@H](O)CC(=O)[O-],CHEMBL152893,CHEMBL152893,ChEMBL,31,441.613,4.851,2,4,5,2,9,2,80.590
O=C(CC(=O)Nc1cccc(C(=O)O)c1)NCCCNCc1ccc(-c2ccccc2)c(Cl)c1,CHEMBL4115984,CHEMBL4115984,ChEMBL,34,479.964,4.330,4,7,4,4,11,3,107.530
O=C(O)c1cccc(Cc2cc(Cl)ccc2OCC2CCCCC2)n1,CHEMBL1207979,CHEMBL1207979,ChEMBL,25,359.853,4.983,1,4,3,1,6,2,59.420
Nc1nc(Cl)nc2c1ncn2[C@@H]1O[C@H](CS[C@H]2CCNC2)[C@@H](O)[C@H]1O,CHEMBL538627,CHEMBL538627,ChEMBL,25,386.865,-0.224,5,9,10,4,4,2,131.340
CNc1ncnc2c1ncn2[C@@H]1OC[C@@H](O)[C@H]1O,CHEMBL538639,CHEMBL538639,ChEMBL,18,251.246,-0.881,3,8,8,3,2,2,105.320
CCNC(=S)N/N=C1C(=O)Nc2ccc(C)cc21,CHEMBL506642,CHEMBL506642,ChEMBL,18,262.338,1.135,3,5,3,3,2,1,65.520
CCCC[C@H](CN(O)C=O)C(=O)N1CCC[C@H]1c1nc2ccccc2o1,CHEMBL506649,CHEMBL506649,ChEMBL,26,359.426,3.145,1,7,5,1,8,2,86.880
Cc1ccc(NC(=O)c2cccc(C(F)(F)F)c2)cc1NC(=O)c1cncnc1,CHEMBL498905,CHEMBL498905,ChEMBL,29,400.360,4.308,2,6,4,2,4,3,83.980
O=C(COc1ccc(F)cc1)N[C@H]1CCOC1=O,CHEMBL498921,CHEMBL498921,ChEMBL,18,253.229,0.636,1,5,4,1,4,1,64.630
O=C(Nc1cc(Cl)ccc1O)c1ccc(F)cc1,CHEMBL501328,CHEMBL501328,ChEMBL,18,265.671,3.437,2,3,2,2,2,2,49.330
O=C(O)/C(O)=C/C(=O)c1cccc(NC(=O)c2ccc(O)cc2)c1,CHEMBL501858,CHEMBL501858,ChEMBL,24,327.292,2.354,4,7,5,4,5,2,123.930
Cc1ccc(Nc2nc3ccc(C(=N)NC(C)C)cc3s2)nc1,CHEMBL501571,CHEMBL501571,ChEMBL,23,325.441,4.067,3,5,5,3,4,3,73.690
O=C1C(=O)N(Cc2ccccc2C(F)(F)F)c2c(F)cccc21,CHEMBL505038,CHEMBL505038,ChEMBL,23,323.245,3.574,0,3,2,0,2,2,37.380
Nc1nc2ccccc2n1CCc1ccccc1,CHEMBL502582,CHEMBL502582,ChEMBL,18,237.306,2.861,2,3,3,1,3,3,43.840
Nc1nc(F)nc2c1ncn2[C@@H]1O[C@H](CSCCC(N)C(=O)O)[C@@H](O)[C@H]1O,CHEMBL538692,CHEMBL538692,ChEMBL,27,402.408,-1.298,7,11,11,5,7,2,182.630
CCN(C(=O)c1cccc(C(=O)O)n1)C1CC(C)S(=O)(=O)c2sc(S(N)(=O)=O)cc21,CHEMBL538765,CHEMBL538765,ChEMBL,30,473.554,1.258,3,10,8,2,5,2,164.800
COc1ccc2nccc([C@@H](O)CNCCCN(C)CCOc3cc(F)cc(F)c3)c2c1,CHEMBL547873,CHEMBL547873,ChEMBL,32,445.510,3.546,2,6,6,2,12,3,66.850
CC(=O)c1sc(NC(=O)Nc2ccc(C)cc2C)nc1C,CHEMBL548334,CHEMBL548334,ChEMBL,21,303.387,3.915,2,5,4,2,3,2,71.090
CC12CN3CC(C)(CN(C1)C3c1cc(Br)ccc1O)C2O,CHEMBL546744,CHEMBL546744,ChEMBL,21,353.260,2.172,2,4,4,2,1,1,46.940
O=C(O)c1ccc(-c2ccccn2)nc1,CHEMBL1205641,CHEMBL1205641,ChEMBL,15,200.197,1.842,1,4,3,1,2,2,63.080
Cc1c(O)ccc2c3c(c(=O)oc12)CCCC3,CHEMBL507756,CHEMBL507756,ChEMBL,17,230.263,2.686,1,3,3,1,0,2,50.440
CC(=O)OC1N=C(c2ccccc2Cl)c2cc(Cl)ccc2NC1=O,CHEMBL507764,CHEMBL507764,ChEMBL,24,363.200,3.672,1,5,4,1,2,2,67.760
CNCc1cc(C(F)(F)F)ccc1Oc1ccc(Cl)c(Cl)c1,CHEMBL507884,CHEMBL507884,ChEMBL,22,350.167,5.524,1,2,2,1,4,2,21.260
CC(C)=CN1Cc2c(C)ccc3[nH]c(=O)n(c23)C[C@@H]1C,CHEMBL503315,CHEMBL503315,ChEMBL,20,271.364,2.766,1,4,3,1,1,2,41.030
CC(CC(=O)NC(=N)NCCCc1c[nH]cn1)c1ccccn1,CHEMBL501589,CHEMBL501589,ChEMBL,23,314.393,1.572,4,7,4,4,7,2,106.550
CCc1ccc(Cc2n[nH]c(=O)n2C)c(F)c1Oc1cc(Cl)cc(C#N)c1,CHEMBL499568,CHEMBL499568,ChEMBL,27,386.814,3.718,1,6,5,1,5,3,83.700
[O-][S+]1c2ccccc2SN1C1CC1,CHEMBL154357,CHEMBL154357,ChEMBL,13,211.311,2.194,0,2,3,0,1,1,26.300
CC(C)N1CCC(Oc2ccc3cc(C(=O)N4CCOCC4)ccc3c2)CC1,CHEMBL541483,CHEMBL541483,ChEMBL,28,382.504,3.564,0,5,4,0,4,2,42.010
CCNC(=O)c1ccc(-n2nc(C)cc2-c2ccccc2)cc1,CHEMBL547407,CHEMBL547407,ChEMBL,23,305.381,3.597,1,4,3,1,4,3,46.920
C=C1[C@@H]2C[C@@H](OC(C)=O)[C@H]3[C@@]45CO[C@@](O)(C(=O)[C@@H]4C(C)(C)CC[C@@H]5OC(C)=O)[C@]3(C2)[C@@H]1OC(C)=O,CHEMBL526157,CHEMBL526157,ChEMBL,35,490.549,2.088,1,9,9,1,3,0,125.430
COc1ccc2c3nn(-c4ccccc4OC)c(=O)c-3c[nH]c2c1,CHEMBL4116100,CHEMBL4116100,ChEMBL,24,321.336,2.836,1,6,5,1,3,2,69.140
O=C(CCl)Nc1cn(COC(CO)CO)c(=O)[nH]c1=O,CHEMBL503357,CHEMBL503357,ChEMBL,20,307.690,-1.959,4,9,7,4,7,1,133.650
Nc1ncnc2c1nc(Br)n2CCc1ccccc1,CHEMBL503376,CHEMBL503376,ChEMBL,19,318.178,2.414,2,5,5,1,3,3,69.620
COc1ccccc1OC(CCN(C)CC(=O)O)c1ccccc1,CHEMBL1204471,CHEMBL1204471,ChEMBL,24,329.396,3.222,1,5,4,1,9,2,59.000
CCOC(=O)c1cnc2c(cnn2CC)c1NC1CCOCC1,CHEMBL506982,CHEMBL506982,ChEMBL,23,318.377,2.219,1,7,7,1,5,2,78.270
N=C(N)N1CCC[C@H]1Cc1nc(-c2ccc(Nc3nc(-c4cccc(F)c4)cs3)cc2)no1,CHEMBL4116107,CHEMBL4116107,ChEMBL,33,463.542,4.643,4,8,7,3,6,4,116.950
Clc1cccc2nn(N=C3NCCN3)cc12,CHEMBL502072,CHEMBL502072,ChEMBL,16,235.678,1.002,2,5,3,2,1,2,54.240
O=C1NC(NCC2CCCO2)=N/C1=Cc1c[nH]c2ncccc12,CHEMBL502296,CHEMBL502296,ChEMBL,23,311.345,1.158,3,7,5,3,3,2,91.400
C/N=C(S)[C@]1(c2ccc(-c3ccccc3)cc2)CCCC[S+]1[O-],CHEMBL539383,CHEMBL539383,ChEMBL,23,343.517,4.440,0,2,2,1,3,2,35.420
CCCCC[C@@H](C=O)NC(=O)OC(C)(C)C,CHEMBL540696,CHEMBL540696,ChEMBL,16,229.320,2.659,1,4,3,1,6,0,55.400
N/C(=NO)c1cc[n+](C/C=C/C[n+]2ccc(/C=NO)cc2)cc1,CHEMBL540902,CHEMBL540902,ChEMBL,23,313.361,0.421,4,7,4,3,6,2,98.960
CCCCCCc1ccc(Cn2cc(Br)c(=O)[nH]c2=O)cc1,CHEMBL525627,CHEMBL525627,ChEMBL,22,365.271,3.470,1,4,3,1,7,2,54.860
Cc1nc2c(s1)Cc1cccc(OCP(=O)(O)O)c1-2,CHEMBL603409,CHEMBL603409,ChEMBL,19,297.272,2.537,2,5,4,2,3,2,79.650
CCn1cc(C(=O)NCc2ccc(OC)cc2)c(=O)c2cc(C(F)(F)F)ccc21,CHEMBL558352,CHEMBL558352,ChEMBL,29,404.388,3.979,1,5,4,1,5,3,60.330
COc1cc(CN2CCC(N3C(=O)Nc4ccccc4C3c3ccccc3)CC2)cc(OC)c1,CHEMBL557192,CHEMBL557192,ChEMBL,34,457.574,5.305,1,6,4,1,6,3,54.040
O=C(O)Cc1ccc2oc(-c3ccc(NC(=O)/C=C/c4cccc(Cl)c4F)c(F)c3)nc2c1,CHEMBL196395,CHEMBL196395,ChEMBL,33,468.843,5.705,2,6,4,2,6,4,92.430
CCNC1NN=C(Cc2csc3nc(-c4ccc(Br)cc4)cn23)S1,CHEMBL574221,CHEMBL574221,ChEMBL,24,422.377,3.911,2,5,7,2,5,3,53.720
O=c1[nH]c(CNCCc2cccc(O)c2)nc2c1sc1ccc(Cl)cc12,CHEMBL583947,CHEMBL583947,ChEMBL,26,385.876,3.829,3,5,5,3,5,4,78.010
CN1[C@@H](CCCc2ccccc2)CC[C@H]1CCCc1ccccc1,CHEMBL585377,CHEMBL585377,ChEMBL,24,321.508,5.495,0,1,1,0,8,2,3.240
CCNc1nc(Nc2ccccc2)c2cnn(C)c2n1,CHEMBL584574,CHEMBL584574,ChEMBL,20,268.324,2.539,2,6,6,2,4,3,67.660
COc1cc2ncnc(N(C)c3cccc(Cl)c3)c2cc1OC,CHEMBL553908,CHEMBL553908,ChEMBL,23,329.787,4.068,0,5,5,0,4,3,47.480
CCN(CC)CCOC(=O)C1(c2ccc(N3CCCC3)cc2)CCCC1,CHEMBL542914,CHEMBL542914,ChEMBL,26,358.526,3.984,0,4,4,0,8,1,32.780
N[C@@H](CC(=O)N1CCCCCN1C(=O)c1ccccc1)Cc1cc(F)c(F)cc1F,CHEMBL539611,CHEMBL539611,ChEMBL,30,419.447,3.434,2,5,3,1,5,2,66.640
CC(C)Sc1oc(C(=O)O)c(-c2ccc(Cl)cc2)c1C#N,CHEMBL576313,CHEMBL576313,ChEMBL,21,321.785,4.670,1,4,4,1,4,2,74.230
CCCCc1cc(OC2CCN(CCCCNS(C)(=O)=O)CC2)c2ncccc2c1,CHEMBL4115992,CHEMBL4115992,ChEMBL,30,433.618,3.750,1,6,5,1,11,2,71.530
CCCCNC1=C(F)C(=O)c2c(F)c(NCCCC)c(F)c(F)c2C1=O,CHEMBL573919,CHEMBL573919,ChEMBL,26,372.362,4.266,2,4,4,2,8,1,58.200
COc1cccc2c1CC[C@@H](N(C)C)[C@H]2C,CHEMBL155979,CHEMBL155979,ChEMBL,16,219.328,2.675,0,2,2,0,2,1,12.470
CCC(=O)N(CC)c1cc2c(NCc3ccc(OC)c(Cl)c3)ncnc2c(CCO)c1OC,CHEMBL595330,CHEMBL595330,ChEMBL,33,472.973,4.210,2,8,7,2,10,3,96.810
CCCCn1c(C)cc2cc(=O)cc3oc(C)cc1c23,CHEMBL594331,CHEMBL594331,ChEMBL,20,269.344,4.165,0,3,3,0,3,3,35.140
O=C(c1ccc(-c2ccc(C(=O)C(O)S(=O)(=O)O)cc2)cc1)C(O)S(=O)(=O)O,CHEMBL1208039,CHEMBL1208039,ChEMBL,28,430.412,0.131,4,10,8,4,7,2,183.340
Cc1cc(NCC2CCN(CC3CCCCC3)C2)nc(Nc2ccc(Cl)cc2)n1,CHEMBL530730,CHEMBL530730,ChEMBL,29,413.997,5.496,2,5,5,2,7,2,53.080
Nn1c(CS(=O)(=O)c2ccc(Cl)cc2)nnc1-c1ccccc1,CHEMBL260909,CHEMBL260909,ChEMBL,23,348.815,2.286,2,6,6,1,4,3,90.870
CN(CC/C=C/c1ccc(-c2ccccc2)cc1)Cc1ccc2c(c1)OCCC2,CHEMBL4116005,CHEMBL4116005,ChEMBL,29,383.535,6.214,0,2,2,0,7,3,12.470
CCCS(=O)(=O)N1C[C@H]2CC[C@H]1[C@H](C(=O)Nc1ccc(OC(C)C)cc1)C2,CHEMBL575155,CHEMBL575155,ChEMBL,27,394.537,3.253,1,6,4,1,7,1,75.710
Cc1c2c(cc[n+]1CC(=O)c1ccc3ccccc3c1)c1ccccc1n2Cc1ccccc1,CHEMBL4116075,CHEMBL4116075,ChEMBL,34,441.554,6.475,0,3,2,0,5,6,25.880
CC1=C(C(=O)OC(C)(C)C)C(c2ccccc2)C=CN1c1ccccc1,CHEMBL583071,CHEMBL583071,ChEMBL,26,347.458,5.420,0,3,3,0,3,2,29.540
COc1ccc(C2=NN(Cc3ccc(CN4CCC(=O)CC4)cc3)C(=O)[C@@H]3CC=CC[C@H]23)cc1OC,CHEMBL595064,CHEMBL595064,ChEMBL,36,487.600,4.198,0,7,6,0,7,2,71.440
CCCN(c1ccncc1)n1cc(CC)c2ccccc21,CHEMBL154228,CHEMBL154228,ChEMBL,21,279.387,4.278,0,3,3,0,5,3,21.060
Cc1ccc(OC(CCN2CCc3ccccc3C2)c2ccccc2)cc1,CHEMBL153086,CHEMBL153086,ChEMBL,27,357.497,5.564,0,2,2,0,6,3,12.470
CC(=O)NC[C@@H](NS(=O)(=O)c1ccccc1)C(=O)O,CHEMBL541956,CHEMBL541956,ChEMBL,19,286.309,-0.446,3,7,4,3,6,1,112.570
COc1cc(N)c(Cl)cc1C(=O)NC1CCNCC1,CHEMBL541969,CHEMBL541969,ChEMBL,19,283.759,1.413,4,5,4,3,3,1,76.380
CCCCN(C)CC1C[C@@]1(C(=O)OCC)c1ccccc1,CHEMBL540050,CHEMBL540050,ChEMBL,21,289.419,3.239,0,3,3,0,8,1,29.540
Cn1c(-c2cccc(-c3ccccc3)c2)nnc1C1(c2ccc(Cl)cc2)CCC1,CHEMBL525924,CHEMBL525924,ChEMBL,29,399.925,6.273,0,3,3,0,4,4,30.710
O=C(Nc1nccs1)c1cc(-c2cccnc2)nc2ccc(Br)cc12,CHEMBL531135,CHEMBL531135,ChEMBL,25,411.284,4.768,1,5,5,1,3,4,67.770
Cc1ccccc1OCCCN1CCN(CC(c2ccc(F)cc2)N2CCN(C(C)C)CC2)CC1,CHEMBL531989,CHEMBL531989,ChEMBL,35,482.688,4.288,0,5,5,0,10,2,22.190
CN1CCN(Cc2cn3c(-c4ccncc4)c(-c4ccc(F)cc4)nc3s2)CC1,CHEMBL528112,CHEMBL528112,ChEMBL,29,407.518,4.011,0,5,6,0,4,4,36.670
CC1(C)CCC[C@@]2(C)[C@H]1C(=O)C(O)=C(C=O)[C@@H]2/C=C/c1ccoc1,CHEMBL582854,CHEMBL582854,ChEMBL,24,328.408,4.335,1,4,4,1,3,1,67.510
COC(=O)N1CC[C@H](N(Cc2ccccc2C(F)(F)F)c2ccc(C#N)c(Cl)c2)C1,CHEMBL590853,CHEMBL590853,ChEMBL,30,437.849,5.078,0,5,4,0,4,2,56.570
CC[n+]1ccc2c(c1)[nH]c1ccc(Cl)cc12,CHEMBL592162,CHEMBL592162,ChEMBL,16,231.706,3.282,1,2,0,1,1,3,19.670
O=C(Cn1nc(C2CCC(F)(F)CC2)c2cnccc2c1=O)NC1Cc2ccccc2C1,CHEMBL1210578,CHEMBL1210578,ChEMBL,32,438.478,3.368,1,6,5,1,4,3,76.880
COc1ccc(C=C2SC(=N)N(c3ccc4c(c3)OCO4)C2=O)cc1OC,CHEMBL576723,CHEMBL576723,ChEMBL,27,384.413,3.488,1,7,7,1,4,2,81.080
CCCCNCc1cc(OC)c(O)c(OC)c1,CHEMBL554554,CHEMBL554554,ChEMBL,17,239.315,2.299,2,4,4,2,7,1,50.720
[O-][n+]1onc2cc(/C=C/c3ccccc3)ccc21,CHEMBL552967,CHEMBL552967,ChEMBL,18,238.246,2.632,0,4,3,0,2,3,52.970
CC(C)[C@H](NS(=O)(=O)c1ccc2c(c1)oc1cc(N)ccc12)C(=O)O,CHEMBL553918,CHEMBL553918,ChEMBL,25,362.407,2.556,4,7,5,3,5,3,122.630
COc1cccc(-c2cc(C3CC4CCC3N4)cnc2F)c1,CHEMBL552980,CHEMBL552980,ChEMBL,22,298.361,3.504,1,3,3,1,3,2,34.150
C[C@H]1CC2C3Cc4ccc(O)c5c4C2(CCN3CC2CCC2)C(O5)C1=O,CHEMBL539748,CHEMBL539748,ChEMBL,26,353.462,3.047,1,4,4,1,2,1,49.770
O=C(CC(S)C(F)(F)F)NC(Cc1ccc(O)cc1)C(=O)O,CHEMBL540674,CHEMBL540674,ChEMBL,22,337.319,1.755,3,5,4,4,6,1,86.630
O=C(CC1NCCCC1O)Cn1cnc2cc(Br)c(Cl)cc2c1=O,CHEMBL559362,CHEMBL559362,ChEMBL,24,414.687,1.884,2,6,6,2,4,2,84.220
CC1(C)CC2(CN(Cc3ccc(NS(C)(=O)=O)cc3)C(=O)O2)c2ccccc2O1,CHEMBL577782,CHEMBL577782,ChEMBL,29,416.499,3.467,1,7,5,1,4,2,84.940
Cc1cccc(COc2cc(NC(=O)Cc3ccncc3)ccc2N(C)S(C)(=O)=O)c1,CHEMBL573674,CHEMBL573674,ChEMBL,31,439.537,3.546,1,7,5,1,8,3,88.600
Cc1ccc(-c2cnc3occ(-c4ccc([S+](C)[O-])cc4)c3c2)o1,CHEMBL584146,CHEMBL584146,ChEMBL,24,337.400,4.801,0,4,4,0,3,4,62.230
N#Cc1cc(-c2cnc3nc(N4CCC(N5CCCCC5)CC4)sc3c2)ccc1F,CHEMBL584766,CHEMBL584766,ChEMBL,30,421.545,4.824,0,5,6,0,3,3,56.050
N=C(N)Nc1ccc(C(=O)Nc2ccccc2)cc1,CHEMBL553649,CHEMBL553649,ChEMBL,19,254.293,2.244,5,5,2,4,3,2,91.000
O=C1NC(NCc2ccco2)=N/C1=Cc1c[nH]c2ncccc12,CHEMBL525228,CHEMBL525228,ChEMBL,23,307.313,1.772,3,7,5,3,3,3,95.310
COCC(C)(CS(=O)(=O)O)N(Cl)Cl,CHEMBL1207998,CHEMBL1207998,ChEMBL,13,252.119,0.889,1,5,4,1,5,0,66.840
CCCCCCOc1ccc(C(=O)CCNc2cccc(Cl)c2)cc1,CHEMBL540227,CHEMBL540227,ChEMBL,25,359.897,5.984,1,3,3,1,11,2,38.330
OC[C@H]1O[C@@H](c2ccc(Cl)c(Cc3nnc(-c4ccoc4)s3)c2)[C@H](O)[C@@H](O)[C@@H]1O,CHEMBL590751,CHEMBL590751,ChEMBL,29,438.889,1.557,4,8,9,4,5,3,129.070
O=C(Nc1ccc(OC(F)(F)F)cc1)N1CCCCC1,CHEMBL593658,CHEMBL593658,ChEMBL,20,288.269,3.603,1,4,2,1,2,1,41.570
CCN(CC)CCn1c(=N)n(CCOc2ccc(Cl)cc2Cl)c2ccccc21,CHEMBL589473,CHEMBL589473,ChEMBL,28,421.372,4.650,1,5,5,1,9,3,46.180
O=C(Cn1cccc(NC(=O)c2ccccc2)c1=O)NCCO,CHEMBL557764,CHEMBL557764,ChEMBL,23,315.329,0.209,3,7,5,3,6,2,100.430
CC(C)n1ncc2c(=O)[nH]c([C@@H]3CN(Cc4ccccc4)C[C@H]3C)nc21,CHEMBL572517,CHEMBL572517,ChEMBL,26,351.454,2.936,1,6,5,1,4,3,66.810
COc1ccccc1NC1=NC(N)=NC(C)(C)N1,CHEMBL573444,CHEMBL573444,ChEMBL,18,247.302,1.117,4,6,6,3,2,1,84.030
CC(NC(=O)C(C)(C)C)C(=O)NCc1ccccc1,CHEMBL154940,CHEMBL154940,ChEMBL,19,262.353,1.854,2,4,2,2,4,1,58.200
N#CC1=C(N)N2C(=O)CSC2=C(C#N)C1c1ccccc1Cl,CHEMBL583100,CHEMBL583100,ChEMBL,22,328.784,2.442,2,5,5,1,1,1,93.910
NCCS(=O)(=O)N1CCc2c([nH]c3ccc(Cl)cc23)C1c1cccc(O)c1,CHEMBL595526,CHEMBL595526,ChEMBL,27,405.907,2.763,4,6,4,3,4,3,99.420
COc1ccc(-c2ccc(Cn3cc(C(=O)O)c(=O)c4cccc(F)c43)cc2)cn1,CHEMBL596211,CHEMBL596211,ChEMBL,30,404.397,3.958,1,6,5,1,5,4,81.420
CC1(C)CC(NC(=S)Nc2ccc(C#N)cc2)c2cc(Cl)ccc2O1,CHEMBL595765,CHEMBL595765,ChEMBL,25,371.893,4.800,2,4,3,2,2,2,57.080
Cc1c(O)c(CC[C@H](C)C(=O)O)c(O)c2c1COC2=O,CHEMBL564205,CHEMBL564205,ChEMBL,20,280.276,1.730,3,6,5,3,4,1,104.060
CCc1c(C)sc(NC(=S)NCc2ccccn2)c1C(=O)OC,CHEMBL563935,CHEMBL563935,ChEMBL,23,349.481,3.287,2,5,5,2,5,2,63.250
O=C(COc1ccc(F)c(F)c1)N[C@H]1CC[C@@H](Nc2ccn(-c3ccc(C(F)(F)F)cc3)c2)CC1,CHEMBL529450,CHEMBL529450,ChEMBL,35,493.476,5.693,2,5,4,2,7,3,55.290
CCCCCCCCCCCCCCC[C@@H](O)[C@H](CCO)NC(C)=O,CHEMBL155537,CHEMBL155537,ChEMBL,25,357.579,4.716,3,4,3,3,18,0,69.560
CC(C)CCN(CCc1cccc(O)c1)CCc1cccc(O)c1,CHEMBL4116120,CHEMBL4116120,ChEMBL,24,327.468,4.231,2,3,3,2,9,2,43.700
N=C(N)c1ccc(CNC(=O)CCN2C(=O)[C@@H](NC(=O)CCC(=O)O)CSc3ccccc32)cc1,CHEMBL540172,CHEMBL540172,ChEMBL,35,497.577,1.465,6,10,6,5,10,2,165.680
Cc1cc(C=C2C(=O)NC(=S)NC2=O)c(C)n1-c1cc(C(=O)O)cc(C(=O)O)c1,CHEMBL558744,CHEMBL558744,ChEMBL,29,413.411,1.405,4,9,6,4,4,2,137.730
CC1=NN(CCOc2ccc3c(c2)Nc2ccccc2O3)C(=O)C1,CHEMBL154192,CHEMBL154192,ChEMBL,24,323.352,3.523,1,6,5,1,4,2,63.160
COc1ccc(F)cc1S(=O)(=O)Nc1cnc2ccccc2c1,CHEMBL583284,CHEMBL583284,ChEMBL,23,332.356,3.183,1,5,4,1,4,3,68.290
N=C(N)c1ccc(CNC(=O)[C@@H]2CCCN2C(=O)NCc2ccccc2)cc1,CHEMBL4116122,CHEMBL4116122,ChEMBL,28,379.464,1.961,5,7,3,4,6,2,111.310
CC(C)(C)c1ccc(NC(=O)c2cccc(CN3CCCN(CC4CCCCC4)CC3)c2)cc1,CHEMBL588522,CHEMBL588522,ChEMBL,34,461.694,6.324,1,4,3,1,6,2,35.580
Cc1cccc(C)c1-c1cccc(OCCN(C)C)n1,CHEMBL589524,CHEMBL589524,ChEMBL,20,270.376,3.306,0,3,3,0,5,2,25.360
COc1cc(-c2nc3ccc(Br)cn3c2NC2CCCC2)ccc1O,CHEMBL564427,CHEMBL564427,ChEMBL,25,402.292,4.833,2,5,5,2,4,3,58.790
CCCCCC[C@H](C)OC(=O)CC(=O)CBr,CHEMBL157232,CHEMBL157232,ChEMBL,16,293.201,3.243,0,3,3,0,9,0,43.370
COC(=O)c1c(C(=O)OC)c2cc(C)ccn2c1C(=O)c1ccc2c(c1)CCCC2,CHEMBL573664,CHEMBL573664,ChEMBL,30,405.450,3.931,0,6,6,0,4,3,74.080
CN1CCN(Cn2nc(-c3ccncc3)n(N)c2=S)CC1,CHEMBL577685,CHEMBL577685,ChEMBL,21,305.411,0.395,2,7,8,1,3,2,68.140
COc1ccccc1N1CCN(CCC(=O)NCc2nc3ccccc3c(=O)n2-c2ccccc2)CC1,CHEMBL259626,CHEMBL259626,ChEMBL,37,497.599,3.223,1,8,7,1,8,4,79.700
Clc1ccc2c(N/N=C/c3ccccc3Br)ccnc2c1,CHEMBL570399,CHEMBL570399,ChEMBL,21,360.642,5.097,1,3,3,1,3,3,37.280
COc1ccccc1-c1cc(-c2ccc(Br)cc2)[nH]c(=N)c1C#N,CHEMBL570855,CHEMBL570855,ChEMBL,24,380.245,4.471,2,4,3,2,3,3,72.660
CCC(C)(CC)C(=O)n1ncc2c3c(N)nc(N)nc3ccc21,CHEMBL579584,CHEMBL579584,ChEMBL,23,312.377,2.610,4,7,7,2,3,3,112.710
O=C(Nc1cccc(OCCCN2CCOCC2)c1)Nc1cccc(C(F)(F)F)c1,CHEMBL559228,CHEMBL559228,ChEMBL,30,423.435,4.451,2,6,4,2,7,2,62.830
CCCN(CCC)[C@@H]1CCc2c(OC)cccc2[C@@H]1C,CHEMBL557380,CHEMBL557380,ChEMBL,20,275.436,4.236,0,2,2,0,6,1,12.470
CCCN1Sc2ccccc2[S+]1[O-],CHEMBL157446,CHEMBL157446,ChEMBL,13,213.327,2.442,0,2,3,0,2,1,26.300
CCCCNc1c(-c2ccc(SC(C)CC)cc2)nc2ccccn12,CHEMBL1620719,CHEMBL1620719,ChEMBL,25,353.535,6.104,1,3,4,1,8,3,29.330
COc1ccc(-c2nnc(-c3ccc([125I])cc3)o2)cc1,CHEMBL595085,CHEMBL595085,ChEMBL,20,376.170,4.017,0,4,4,0,3,3,48.150
OCCN1CCN(CCCN2c3ccccc3Sc3cscc32)CC1,CHEMBL555219,CHEMBL555219,ChEMBL,25,375.563,3.351,1,4,6,1,6,2,29.950
O=C(Nc1ccc(F)c(C(F)(F)F)c1)c1ccccn1,CHEMBL555454,CHEMBL555454,ChEMBL,20,284.212,3.492,1,3,2,1,2,2,41.990
Clc1ccccc1CNc1noc(-c2sccc2Br)n1,CHEMBL580660,CHEMBL580660,ChEMBL,20,370.659,4.826,1,4,5,1,4,3,50.950
CNC[C@@H](O)[C@H](c1cccc(OC)c1)n1ccc2ccccc21,CHEMBL582894,CHEMBL582894,ChEMBL,23,310.397,2.820,2,4,4,2,6,3,46.420
CC1(C)C=Cc2c(ccc3c2OC[C@H]2c4ccc(O)cc4O[C@@H]32)O1,CHEMBL591773,CHEMBL591773,ChEMBL,24,322.360,4.186,1,4,4,1,0,2,47.920
O=c1c(-c2cc(F)c(F)c(F)c2)coc2cc(O)ccc12,CHEMBL572530,CHEMBL572530,ChEMBL,21,292.212,3.583,1,3,3,1,1,3,50.440
CCCCS(=O)(=O)N1[C@@H]2CC[C@@H](C(=O)Nc3ccc(OC(C)C)cc3)[C@H]1CC2,CHEMBL573078,CHEMBL573078,ChEMBL,28,408.564,3.785,1,6,4,1,8,1,75.710
COc1cccc2c1CCCC2CCCN1CCN(C(=O)C2CCCCC2)CC1,CHEMBL573461,CHEMBL573461,ChEMBL,29,398.591,4.620,0,4,3,0,6,1,32.780
CN(C)c1ccccc1C[S+]([O-])c1nccn1Cc1ccccn1,CHEMBL154360,CHEMBL154360,ChEMBL,24,340.452,2.700,0,5,5,0,6,3,57.010
N#CC1(c2ccccc2)CCN(C[C@@H](O)COc2ccc(Cl)cc2)CC1,CHEMBL538385,CHEMBL538385,ChEMBL,26,370.880,3.637,1,4,4,1,6,2,56.490
CC(C)=CCC/C(C)=C/CC/C(C)=C/CSc1ccc(N)cc1C(=O)O,CHEMBL538901,CHEMBL538901,ChEMBL,26,373.562,6.478,3,3,3,2,10,1,63.320
N=C(Nc1ccccc1I)NC12CC3CC(CC(C3)C1)C2,CHEMBL553896,CHEMBL553896,ChEMBL,21,395.288,4.196,3,3,1,3,2,1,47.910
CCC(=O)c1cc(C)ccc1Oc1ccnc2cc(OC)c(OC)cc12,CHEMBL526882,CHEMBL526882,ChEMBL,26,351.402,4.945,0,5,5,0,6,3,57.650
COc1cc(OC)cc(-c2cc3occ(C)c3c(=S)o2)c1,CHEMBL592393,CHEMBL592393,ChEMBL,21,302.351,4.748,0,4,5,0,3,3,44.740
N=C(N)c1cc2cc(-c3cccc(OCc4cccc(F)c4)c3)ccc2s1,CHEMBL592411,CHEMBL592411,ChEMBL,27,376.456,5.570,3,3,3,2,5,4,59.100
CCN1/C(=C/C2=C(NC)/C(=C/c3sc4ccccc4[n+]3CC)C2=O)Sc2ccccc21,CHEMBL4116094,CHEMBL4116094,ChEMBL,31,446.621,5.122,1,4,5,1,5,3,36.220
NC(Cc1ccccc1)C(=O)N1CCC(Nc2nsc3ccccc23)C1,CHEMBL583154,CHEMBL583154,ChEMBL,26,366.490,2.879,3,5,5,2,5,3,71.250
Cc1cc(O)cc(-c2ccc(-c3ccc(O)cc3)s2)c1,CHEMBL583519,CHEMBL583519,ChEMBL,20,282.364,4.802,2,2,3,2,2,3,40.460
O=c1[nH]ccc2c([N+]3=NN(CCCl)CC3)cccc12,CHEMBL4116101,CHEMBL4116101,ChEMBL,19,277.735,2.094,1,5,3,1,3,2,51.470
CCCC(C)n1ccc2c3c(N)nc(N)nc3ccc21,CHEMBL579790,CHEMBL579790,ChEMBL,20,269.352,3.110,4,5,5,2,3,3,82.750
CC(C)N(CCOc1ccccc1/N=C(/Nc1ccccc1)c1ccccc1)C(C)C,CHEMBL554397,CHEMBL554397,ChEMBL,31,415.581,6.375,1,4,3,1,9,3,36.860
O=C(Nc1cccc(I)c1)Nc1cc(Cl)ccc1C(=O)O,CHEMBL154658,CHEMBL154658,ChEMBL,21,416.602,4.287,3,5,2,3,3,2,78.430
CC(C)OC(=O)CC1C(C(=O)OC(C)C)=C(N)Oc2ccc(-c3ccccc3)cc21,CHEMBL539714,CHEMBL539714,ChEMBL,30,409.482,4.293,2,6,6,1,6,2,87.850
Nc1nc(CCCNS(=O)(=O)c2cccc(C(=O)O)c2)c[nH]1,CHEMBL540183,CHEMBL540183,ChEMBL,22,324.362,0.601,5,8,5,4,7,2,138.170
Cn1ccc2c3nc4cc(Br)ccc4c4c3c(c(=O)c-2c1)[N+](C)(C)CC4=O,CHEMBL557422,CHEMBL557422,ChEMBL,27,423.290,3.717,0,5,4,0,0,2,51.960
CCN1C2CCC1CC(c1ccnc3c(-c4ccc(C#N)c(O)c4)c(-c4ccncc4)nn13)C2,CHEMBL570872,CHEMBL570872,ChEMBL,34,450.546,4.766,1,7,7,1,4,4,90.340
O=C(Nc1cc(F)cc(F)c1)[C@H]1CCCC[C@H]1C(=O)O,CHEMBL570602,CHEMBL570602,ChEMBL,20,283.274,2.794,2,4,2,2,3,1,66.400
COc1cccc2c1CCCC2CCC(=O)N1CCN(C2CCCCC2)CC1,CHEMBL573234,CHEMBL573234,ChEMBL,28,384.564,4.372,0,4,3,0,5,1,32.780
CC(C)NCC(O)COc1ccc(Cc2ccc(OCC(O)CNC(C)C)cc2)cc1,CHEMBL581928,CHEMBL581928,ChEMBL,31,430.589,2.753,4,6,6,4,14,2,82.980
COc1ccc(/C=C/Cc2ccccc2OC(C)=O)cc1OC,CHEMBL592870,CHEMBL592870,ChEMBL,23,312.365,3.885,0,4,4,0,6,2,44.760
O=C(NCc1ccccc1)[C@@H]1O[C@H]2CN(Cc3ccccc3)C(=O)[C@@H]1O2,CHEMBL592623,CHEMBL592623,ChEMBL,26,352.390,1.455,1,6,4,1,5,2,67.870
Cc1cc(NC(=O)C(C)(C(F)(F)F)C(F)(F)F)cc(S(=O)(=O)N2CCOCC2)c1C,CHEMBL593625,CHEMBL593625,ChEMBL,30,462.412,3.394,1,6,4,1,4,1,75.710
CO[C@H]1O[C@H](CCS(=O)(=O)O)[C@@H](O)[C@H](O)[C@@H]1O,CHEMBL1207983,CHEMBL1207983,ChEMBL,17,272.275,-2.282,4,8,7,4,4,0,133.520
COc1ccc(-n2nc3c(NC(=O)c4ccncc4)nc4ccccc4n3c2=O)cc1,CHEMBL526134,CHEMBL526134,ChEMBL,31,412.409,2.689,1,9,8,1,4,5,103.410
COc1ccc(N(C)c2nc(C)nc3scc(C)c23)cc1,CHEMBL526313,CHEMBL526313,ChEMBL,21,299.399,4.085,0,4,5,0,3,3,38.250
COCC1[C@@H]2CC[C@H]1CN(CCN1CCN(c3cccc(Cl)c3)C1=O)C2,CHEMBL541435,CHEMBL541435,ChEMBL,26,377.916,3.186,0,5,3,0,6,1,36.020
O=c1n(CCCN2CCN(c3cc(-c4ccccc4)c4ccccc4n3)CC2)nc2ccccn12,CHEMBL552652,CHEMBL552652,ChEMBL,35,464.573,3.924,0,7,7,0,6,5,58.670
Nc1c(S(=O)(=O)O)cc(Nc2ccc(F)cc2)c2c1C(=O)c1ccccc1C2=O,CHEMBL1208485,CHEMBL1208485,ChEMBL,29,412.398,3.174,4,7,6,3,3,3,126.560
O=C1CSC([C@H](O)[C@H](O)[C@@H](O)[C@@H](O)CO)N1c1ccc(S(=O)(=O)Nc2ccccn2)cc1,CHEMBL583126,CHEMBL583126,ChEMBL,32,485.540,-1.276,6,11,10,6,9,2,180.520
Clc1cccc(Nc2nc(-c3ccncc3)cs2)c1,CHEMBL583305,CHEMBL583305,ChEMBL,19,287.775,4.602,1,3,4,1,3,3,37.810
CCc1ccccc1NCCN1CCCCCC1,CHEMBL4116123,CHEMBL4116123,ChEMBL,18,246.398,3.537,1,2,2,1,5,1,15.270
Cc1ccc(C(C)C)cc1CON1C(=N)N=C(N)NC1(C)C,CHEMBL579595,CHEMBL579595,ChEMBL,22,303.410,2.441,4,6,4,3,4,1,86.730
COc1ccc2sc3c(c2c1)NC[C@@H](CN1CCOCC1)NC3=O,CHEMBL558162,CHEMBL558162,ChEMBL,24,347.440,1.766,2,6,6,2,3,2,62.830
CCOCCN1CCc2c(C)c(NS(C)(=O)=O)c(C)c(NC(=O)C(C)(C)C)c21,CHEMBL563918,CHEMBL563918,ChEMBL,28,411.568,3.059,2,7,5,2,7,1,87.740
COc1ccc(Nc2nc(N)c(C(=O)c3ccc(Br)cc3)s2)cc1,CHEMBL539151,CHEMBL539151,ChEMBL,24,404.289,4.471,3,5,6,2,5,3,77.240
COc1ccc(/C=Cc2cc(OC)c(OC)c(OC)c2)cc1OCCn1cccc1,CHEMBL536726,CHEMBL536726,ChEMBL,30,409.482,4.772,0,6,6,0,10,3,51.080
COc1ccc(-c2ccc(NC(=O)c3ccc(C#N)cc3)cc2)cc1CN1CCCC1,CHEMBL535264,CHEMBL535264,ChEMBL,31,411.505,5.082,1,5,4,1,6,3,65.360
C[C@@H]1C/C=CCC/C=C[C@H](O)Cc2cc(O)cc(O)c2C(=O)O1,CHEMBL538188,CHEMBL538188,ChEMBL,23,318.369,2.843,3,5,5,3,0,1,86.990
O=C(c1ccc2ccccc2c1)N(C1CCC1)C1CCNCC1,CHEMBL578346,CHEMBL578346,ChEMBL,23,308.425,3.587,1,3,2,1,3,2,32.340
O=C1NC(=O)/C(=Cc2ccc(Cl)c(Cl)c2)S1,CHEMBL591703,CHEMBL591703,ChEMBL,16,274.128,3.317,1,3,3,1,1,1,46.170
Cc1c(CC(=O)N2CCc3cccc4c3C2CNC4=O)sc2ccccc12,CHEMBL593201,CHEMBL593201,ChEMBL,27,376.481,3.622,1,4,3,1,2,3,49.410
Fc1ccc(Sc2ccc3nnc(-c4ccc(F)cc4F)n3c2)c(F)c1,CHEMBL592978,CHEMBL592978,ChEMBL,26,375.350,5.104,0,3,4,0,3,4,30.190
CC(=O)NC(C(=O)NCc1ccccc1)C(C)C,CHEMBL154687,CHEMBL154687,ChEMBL,18,248.326,1.463,2,4,2,2,5,1,58.200
O=C1Nc2ccc(N3CCCC3=O)cc2C(CNC(=O)c2ccc(F)cc2)(C(F)(F)F)O1,CHEMBL576264,CHEMBL576264,ChEMBL,32,451.376,3.702,2,7,4,2,4,2,87.740
Cc1cccc(Nc2nc(-c3ccncc3)c(C(N)=O)s2)c1,CHEMBL572999,CHEMBL572999,ChEMBL,22,310.382,3.356,3,5,5,2,4,3,80.900
CCOC(=O)c1onc(-c2cn(-c3ccccc3)nc2-c2ccc(Cl)cc2)c1C(=O)OCC,CHEMBL554494,CHEMBL554494,ChEMBL,33,465.893,5.201,0,8,8,0,7,4,96.450
O=C(Nc1cccc(Br)c1)c1ccc(N2C(=O)[C@H]3[C@H]4C=C[C@H](C4)[C@H]3C2=O)cc1,CHEMBL552187,CHEMBL552187,ChEMBL,28,437.293,4.013,1,5,3,1,3,2,66.480
COc1ccc(N2CCN(CCC(=O)NCc3nc4ccccc4c(=O)n3-c3ccccc3)CC2)cc1,CHEMBL260023,CHEMBL260023,ChEMBL,37,497.599,3.223,1,8,7,1,8,4,79.700
O=C(Nc1ccc(-c2nc3ccccc3[nH]2)cc1)c1ccc([N+](=O)[O-])s1,CHEMBL531267,CHEMBL531267,ChEMBL,26,364.386,4.452,2,7,5,2,4,4,100.920
Cc1cccc2nc(-c3ccc(-c4ccc(CN5CCC(N)C5)cc4)s3)[nH]c12,CHEMBL532920,CHEMBL532920,ChEMBL,28,388.540,4.800,3,4,4,2,4,4,57.940
CCC(CC)(c1ccccc1)c1ccc(/C=C/[C@@H](O)C[C@@H](O)CC(=O)O)c(C(C)C)c1,CHEMBL1208314,CHEMBL1208314,ChEMBL,31,424.581,5.516,3,4,3,3,11,2,77.760
C/C=C1[C@H]2C=C(C)C[C@]1(/N=C/c1ccc(OC)cc1OC)c1ccc(=O)[nH]c1C2,CHEMBL593933,CHEMBL593933,ChEMBL,29,390.483,4.175,1,5,4,1,4,2,63.680
CCCN(CCC)[C@@H]1CCc2c(OC)cccc2[C@H]1C,CHEMBL154314,CHEMBL154314,ChEMBL,20,275.436,4.236,0,2,2,0,6,1,12.470
Cc1cc(N2CCCC2)nc(Nc2ccc(NC(=O)CC(C)C)cc2)n1,CHEMBL581501,CHEMBL581501,ChEMBL,26,353.470,4.113,2,6,5,2,6,2,70.150
O=C(Nc1cccc(-c2nc3ccccc3[nH]2)c1)c1ccc(-c2cccc([N+](=O)[O-])c2)o1,CHEMBL582221,CHEMBL582221,ChEMBL,32,424.416,5.650,2,8,5,2,5,5,114.060
CC1=CCC[C@@H]2[C@]1(C)CC[C@H](C)[C@@]2(C)Cc1cc(O)cc(Sc2cccc(C(=O)O)c2)c1O,CHEMBL584990,CHEMBL584990,ChEMBL,33,466.643,7.289,3,4,4,3,5,2,77.760
O=C(NCCCC[C@H](NC(=O)c1ccc(Br)cc1)C(=O)NO)OCc1ccccc1,CHEMBL526346,CHEMBL526346,ChEMBL,30,478.343,3.150,4,8,5,4,10,2,116.760
O=[N+]([O-])c1ccc(Oc2ccc3c(c2)[C@@]24CCCC[C@@]2(O)[C@@H](C3)N(CC2CCC2)CC4)cc1,CHEMBL526362,CHEMBL526362,ChEMBL,33,448.563,5.361,1,6,5,1,5,2,75.840
CN1CCN2CC(c3ccc(O)cc3)c3ccccc3C2C1,CHEMBL540195,CHEMBL540195,ChEMBL,22,294.398,2.826,1,3,3,1,1,2,26.710
[O-][n+]1nc(CCCO)[n+]([O-])c2ccccc21,CHEMBL540647,CHEMBL540647,ChEMBL,16,221.216,-0.574,1,6,4,1,3,2,87.000
COc1nc(NC(=O)c2ccccn2)ccc1Cl,CHEMBL540427,CHEMBL540427,ChEMBL,18,263.684,2.391,1,5,4,1,3,2,64.110
Cc1ccc(C2CCNCC2)c(Oc2ccc(F)cc2)c1,CHEMBL574347,CHEMBL574347,ChEMBL,21,285.362,4.393,1,2,2,1,3,2,21.260
Cc1ccc(S(=O)(=O)N(C)c2ccccc2N(C)S(=O)(=O)c2ccc(C)cc2)cc1,CHEMBL595990,CHEMBL595990,ChEMBL,30,444.578,3.954,0,6,4,0,6,3,74.760
CCC(=O)Nc1ccc(NC(=O)CN2CCN(C)CC2)c(C(=O)c2ccccc2)c1,CHEMBL595820,CHEMBL595820,ChEMBL,30,408.502,2.452,2,7,5,2,7,2,81.750
O=C(NCCC/N=C/c1cc(Cl)cc(Cl)c1O)c1ccccc1O,CHEMBL594149,CHEMBL594149,ChEMBL,24,367.232,3.644,3,5,4,3,6,2,81.920
CCCCCCCCCCCCCCCCCOS(=O)(=O)O,CHEMBL1207937,CHEMBL1207937,ChEMBL,22,336.538,5.677,1,4,3,1,17,0,63.600
CCN1CCC[C@H]1C(=O)NCc1ccc(C(=N)N)cc1,CHEMBL4116096,CHEMBL4116096,ChEMBL,20,274.368,1.071,4,5,3,3,5,1,82.210
O=c1cc(-c2nn[nH]n2)nc2oc3ccccc3n12,CHEMBL155478,CHEMBL155478,ChEMBL,19,254.209,0.621,1,8,7,1,1,4,101.970
O=C(Nc1cccn(CC(=O)N2CCCC2)c1=O)c1ccccc1,CHEMBL541947,CHEMBL541947,ChEMBL,24,325.368,1.723,1,6,4,1,4,2,71.410
CN(Cc1ccccc1F)Cn1nc(-c2ccncc2)oc1=O,CHEMBL539921,CHEMBL539921,ChEMBL,23,314.320,2.127,0,6,6,0,5,3,64.160
CCC[C@@H](C)[C@H](OC(=O)/C=C/c1ccccc1)[C@H](C)[C@H](O)C/C=C/C=CC(N)=O,CHEMBL524317,CHEMBL524317,ChEMBL,29,399.531,4.033,3,5,4,2,12,1,89.620
COC(=O)[C@@H]1CC(=O)CN1S(=O)(=O)c1ccccc1,CHEMBL523218,CHEMBL523218,ChEMBL,19,283.305,0.192,0,6,5,0,3,1,80.750
CCCCS(=O)(=O)N1C[C@H]2CC[C@H]1[C@H](C(=O)Nc1ccc(OCc3ccccc3)cc1)C2,CHEMBL575375,CHEMBL575375,ChEMBL,32,456.608,4.435,1,6,4,1,9,2,75.710
COC(=O)C1=C(C)N(c2ccccc2)C=CC1c1ccccc1,CHEMBL578763,CHEMBL578763,ChEMBL,23,305.377,4.251,0,3,3,0,3,2,29.540
O=C1CCCN1CCCNCc1ccc(-c2cccc(-c3nc4ccccc4[nH]3)c2)cc1,CHEMBL579880,CHEMBL579880,ChEMBL,32,424.548,4.999,2,5,3,2,8,4,61.020
CC1(C)NC(N)=NC(=N)N1OCCSc1ccccc1,CHEMBL582140,CHEMBL582140,ChEMBL,20,293.396,1.601,4,6,5,3,5,1,86.730
Cc1cc2c(s1)[C@@]13C[C@@H]1CN(C(=O)OC(C)(C)C)C3=CC2=O,CHEMBL564260,CHEMBL564260,ChEMBL,22,317.410,3.645,0,4,4,0,0,1,46.610
Nc1ncnc2c1ncn2CCCCOP(=O)(O)OP(=O)(O)OP(=O)(O)O,CHEMBL562776,CHEMBL562776,ChEMBL,27,447.174,0.532,6,15,11,5,10,2,229.440
O=C(O)c1cc2ccn(Cc3cccc(Cl)c3F)c2cn1,CHEMBL574570,CHEMBL574570,ChEMBL,21,304.708,3.575,1,4,3,1,3,3,55.120
Nc1ccccc1C(=O)NCC(=O)NC1CCCCC1,CHEMBL540153,CHEMBL540153,ChEMBL,20,275.352,1.447,4,5,3,3,4,1,84.220
O=C1CN2Cc3c(sc4c3CCCC4)N=C2N1,CHEMBL552955,CHEMBL552955,ChEMBL,17,247.323,1.560,1,4,4,1,0,1,44.700
CC/N=C(/Cc1cccc(C)c1)NCC,CHEMBL553616,CHEMBL553616,ChEMBL,15,204.317,2.565,1,2,1,1,4,1,24.390
C=C1CC[C@]2(C)[C@@H](C)CCC[C@]2(C)[C@H]1CC/C(C)=C/Cn1c[n+](C)c2ncnc(N)c21,CHEMBL540662,CHEMBL540662,ChEMBL,31,422.641,5.363,2,5,4,1,5,2,60.610
O=S(=O)(NCCC1CCC(c2ccc(Cl)cc2Cl)N(c2ccc(Cl)cc2)C1)C1CC1,CHEMBL589985,CHEMBL589985,ChEMBL,30,487.880,6.076,1,4,3,1,7,2,49.410
CC(C)[C@@]12C=C3CC[C@@H]4[C@](C)(CCC[C@@]4(C)C(=O)O)[C@]3(CC1)OO2,CHEMBL602107,CHEMBL602107,ChEMBL,24,334.456,4.493,1,4,3,1,2,0,55.760
Cc1nc(-c2c(Cl)cc(Cl)cc2-c2cnc([C@@H](C)NC(=O)N(C)O)c(F)c2)no1,CHEMBL602115,CHEMBL602115,ChEMBL,29,440.262,4.645,2,8,6,2,4,3,104.380
N=C(N)c1ccc2cc(-c3ccc(Oc4ccc(F)cc4)cc3)[nH]c2c1,CHEMBL603312,CHEMBL603312,ChEMBL,26,345.377,5.050,4,4,2,3,4,4,74.890
C#CCOC[C@@H](NC(C)=O)C(=O)NCc1ccc(N=C=S)cc1,CHEMBL1089598,CHEMBL1089598,ChEMBL,23,331.397,1.192,2,6,5,2,8,1,79.790
O=S(=O)(c1ccc2c(c1)OCCO2)N1CCN(S(=O)(=O)c2ccc3c(c2)OCCO3)CC1,CHEMBL1091501,CHEMBL1091501,ChEMBL,32,482.536,0.924,0,10,8,0,4,2,111.680
CCCCn1c(=O)c2ccc3ccccc3c2c2ccccc21,CHEMBL1089470,CHEMBL1089470,ChEMBL,23,301.389,5.108,0,2,2,0,3,4,22.000
Brc1ccc(/C=N/Nc2ncnc3sc4c(c23)CCCC4)cc1,CHEMBL1090597,CHEMBL1090597,ChEMBL,23,387.306,4.779,1,4,5,1,3,3,50.170
O=C(c1ccco1)N1CSCC1c1nc(-c2cccc(Cl)c2)no1,CHEMBL1082636,CHEMBL1082636,ChEMBL,24,361.810,3.871,0,6,6,0,3,3,72.370
Cc1ccc(NC(=O)Nc2cc(C(C)(C)C)nn2-c2ccc(C)cc2)cc1,CHEMBL568776,CHEMBL568776,ChEMBL,27,362.477,5.431,2,5,3,2,3,3,58.950
C#Cc1cc(CNC(=O)CCc2ccc(C(C)(C)C)cc2)cc(F)c1NS(C)(=O)=O,CHEMBL608687,CHEMBL608687,ChEMBL,30,430.545,3.725,2,5,3,2,7,2,75.270
CCN(CC)CCN1C(=O)[C@@](O)(c2ccc3ccccc3c2)c2c(Br)cccc21,CHEMBL608826,CHEMBL608826,ChEMBL,29,453.380,4.527,1,4,3,1,6,3,43.780
CN1CCC[C@@H]1Cc1c[nH]c2ccc(NS(=O)(=O)c3ccccc3F)cc12,CHEMBL609992,CHEMBL609992,ChEMBL,27,387.480,3.745,2,5,3,2,5,3,65.200
CN1CCN2c3ncccc3Cc3ccccc3[C@@H]2C1,CHEMBL608847,CHEMBL608847,ChEMBL,20,265.360,2.479,0,3,3,0,0,2,19.370
CCC1c2ccccc2CCN1CC1=NCCN1,CHEMBL154789,CHEMBL154789,ChEMBL,18,243.354,1.997,1,3,3,1,3,1,27.630
CC[C@H](C)Nc1cc(C(=O)N[C@@H](Cc2ccccc2)[C@H](O)[C@@H]2CCCN2)cc(S(C)(=O)=O)n1,CHEMBL4116000,CHEMBL4116000,ChEMBL,33,474.627,2.149,4,8,7,4,10,2,120.420
CCCCOc1c(CCCC)c(O)nc2ccccc12,CHEMBL1090248,CHEMBL1090248,ChEMBL,20,273.376,4.462,1,3,3,1,7,2,42.350
NC(Cc1cc(Cl)c(Cl)c(-c2cccc([N+](=O)[O-])c2)c1)C(=O)O,CHEMBL609016,CHEMBL609016,ChEMBL,23,355.177,3.523,3,6,4,2,5,2,106.460
CCS[C@@H]1[C@H](SCC)[C@@H](CO)O[C@H]1n1ccc(N)nc1=O,CHEMBL610191,CHEMBL610191,ChEMBL,21,331.463,0.959,3,6,8,2,6,1,90.370
O=S(=O)(Nc1ccccn1)c1ccc(/N=C/[C@H](O)[C@@H](O)[C@H](O)CO)cc1,CHEMBL572762,CHEMBL572762,ChEMBL,26,381.410,-0.340,5,9,8,5,8,2,152.340
O=C(CN1CCN(Cc2ccccc2)CC1)NCc1ccccc1O,CHEMBL573208,CHEMBL573208,ChEMBL,25,339.439,1.826,2,5,4,2,6,2,55.810
CC(=O)N(CCN(C)C)c1nc2c(F)cccc2s1,CHEMBL574253,CHEMBL574253,ChEMBL,19,281.356,2.350,0,4,4,0,4,2,36.440
NCCNc1cc(-c2ccnc(Nc3cccc(Cl)c3)n2)ccn1,CHEMBL584384,CHEMBL584384,ChEMBL,24,340.818,3.306,4,6,6,3,6,3,88.750
CCCCCCC(=O)N[C@H]1CCOC1=O,CHEMBL584972,CHEMBL584972,ChEMBL,15,213.277,1.388,1,4,3,1,6,0,55.400
COc1ccc(-c2csc(N/N=C/c3ccc(O)cc3O)n2)cc1,CHEMBL1076814,CHEMBL1076814,ChEMBL,24,341.392,3.676,3,6,7,3,5,3,86.970
CC(C)CCn1c(=O)c(C2=NS(=O)(=O)c3cc(CC#N)ccc3N2)c(O)c2cc(F)ccc21,CHEMBL1077125,CHEMBL1077125,ChEMBL,33,468.510,3.519,2,8,7,2,5,3,124.550
COc1ccccc1C(=O)Nc1cccc(NC(=O)c2cccc(F)c2)c1,CHEMBL1076408,CHEMBL1076408,ChEMBL,27,364.376,4.339,2,5,3,2,5,3,67.430
Brc1ccc2ncnc(Nc3ccccc3)c2c1,CHEMBL1076255,CHEMBL1076255,ChEMBL,18,300.159,4.136,1,3,3,1,2,3,37.810
Cc1ccc2c3c1O[C@@H]1c4[nH]c5ccccc5c4C[C@@]4(O)[C@@H](C2)N(CC2CC2)CC[C@]314,CHEMBL610879,CHEMBL610879,ChEMBL,31,412.533,4.175,2,4,3,2,2,3,48.490
CCN(CC)C(=O)[C@@H]1C=C2c3cccc4[nH]cc(c34)C[C@H]2N(C(=O)Nc2ccccc2)C1,CHEMBL584554,CHEMBL584554,ChEMBL,32,428.536,4.508,2,6,2,2,4,3,68.440
CC1=CC2Cc3nc4cc(Cl)ccc4c(NCCO)c3C(C1)C2,CHEMBL583920,CHEMBL583920,ChEMBL,23,328.843,4.288,2,3,3,2,3,2,45.150
CCCCN(CC)CCNC(=O)c1cc2c(-c3ccccc3F)nn(C)c2s1,CHEMBL601070,CHEMBL601070,ChEMBL,28,402.539,4.293,1,5,5,1,9,3,50.160
CN(C)c1ccc2c(c1)[C@H]1OCCC[C@H]1[C@H](c1ccccc1)N2,CHEMBL1077303,CHEMBL1077303,ChEMBL,23,308.425,4.387,1,3,3,1,2,2,24.500
O=C1/C(=C/c2cccc(Cl)c2Cl)CCC/C1=Cc1cccc(Cl)c1Cl,CHEMBL1091285,CHEMBL1091285,ChEMBL,25,412.143,7.520,0,1,1,0,2,2,17.070
O=C(NN1C(=O)/C(=Cc2ccc(F)cc2)SC1=S)c1cccc([N+](=O)[O-])c1,CHEMBL1092995,CHEMBL1092995,ChEMBL,27,403.416,3.280,1,7,6,1,4,2,92.550
O=C(/C=C/c1ccc(-c2nc3ccc(Cl)cc3[nH]2)cc1)NC1CCN(Cc2ccccc2)CC1,CHEMBL533010,CHEMBL533010,ChEMBL,34,471.004,5.677,2,5,3,2,6,4,61.020
CCN1C(N(C)C)=Nc2cc(N)ccc2C1CC(=O)NCc1ccc(N)cc1,CHEMBL601082,CHEMBL601082,ChEMBL,28,380.496,2.483,5,7,6,3,5,2,99.980
O=C(O)CCc1ccc(Cn2cccn2)cc1C(=O)NCc1ccc2ccccc2c1,CHEMBL603059,CHEMBL603059,ChEMBL,31,413.477,4.032,2,6,4,2,8,4,84.220
Clc1ccc(CCCNc2ncnc3ccccc23)cc1,CHEMBL569690,CHEMBL569690,ChEMBL,21,297.789,4.328,1,3,3,1,5,3,37.810
CC(=O)N1N=C(Nc2nc3ccc([N+](=O)[O-])cc3s2)CC1c1ccc(O)cc1,CHEMBL570178,CHEMBL570178,ChEMBL,28,397.416,3.629,2,9,8,2,3,3,120.960
CCCNCc1nnc(Nc2nc(C)nc3c2c(C)nn3-c2ccc(OC)cc2C)o1,CHEMBL568607,CHEMBL568607,ChEMBL,31,422.493,3.376,2,10,10,2,8,4,115.810
CC1(C)CCC[C@@]2(C)[C@H]1[C@H](OC(=O)/C=C/C=C/C(=O)O)C=C1COC(=O)[C@@]12O,CHEMBL1078134,CHEMBL1078134,ChEMBL,28,390.432,2.156,2,7,6,2,4,0,110.130
CCCN1CCc2c(sc(NC(=O)Nc3ccc(Cl)cc3)c2C(N)=O)C1,CHEMBL4116103,CHEMBL4116103,ChEMBL,26,392.912,3.913,4,6,4,3,5,2,87.460
OC[C@H]1OC(n2cnc3c(-c4cc5ccccc5o4)ncnc32)[C@H](O)[C@@H]1O,CHEMBL608190,CHEMBL608190,ChEMBL,27,368.349,0.851,3,9,9,3,3,4,126.660
Clc1cccc(C2=Cc3ccccc3C3=NCCN23)c1,CHEMBL78310,CHEMBL78310,ChEMBL,20,280.758,3.914,0,2,2,0,1,2,15.600
Oc1ccc2cc3nc4ccccc4c(-c4ccccc4)c3cc2c1,CHEMBL4116109,CHEMBL4116109,ChEMBL,25,321.379,5.914,1,2,2,1,1,5,33.120
COc1cc(CCC(=O)N(C)[C@@H]2CCCC[C@@H]2N2CCCC2)cc(OC)c1OC,CHEMBL607213,CHEMBL607213,ChEMBL,29,404.551,3.510,0,6,5,0,8,1,51.240
CCN(CC)S(=O)(=O)c1cccc(C(=O)Nc2ccccc2C(=O)O)c1,CHEMBL460994,CHEMBL460994,ChEMBL,26,376.434,2.668,2,7,4,2,7,2,103.780
CN(C)c1ccc(N=Nc2ccc(S(=O)(=O)O)cc2)cc1,CHEMBL1092016,CHEMBL1092016,ChEMBL,21,305.359,3.415,1,6,5,1,4,2,82.330
C/C(=CCc1c(O)cc2occ(-c3ccc(O)cc3)c(=O)c2c1O)CO,CHEMBL1086439,CHEMBL1086439,ChEMBL,26,354.358,3.058,4,6,6,4,4,3,111.130
CCCCCCCCCCCCCCCCCC[N+](C)(C)CCOP(=O)([O-])OCCCC,CHEMBL577336,CHEMBL577336,ChEMBL,32,477.711,7.626,0,5,4,0,25,0,58.590
COc1cc(COc2ccc3c(c2)C(C)=CC(C)(C)N3)cc(OC)c1,CHEMBL577467,CHEMBL577467,ChEMBL,25,339.435,4.890,1,4,4,1,5,2,39.720
CC(=O)N[C@H]1CC[C@@]2(O)[C@H]3Cc4ccc(O)c5c4[C@@]2(CCN3CC2CC2)[C@H]1O5,CHEMBL610275,CHEMBL610275,ChEMBL,28,384.476,1.461,3,6,5,3,3,1,82.030
C[C@@H]1C[C@H](O)CCCc2cc(O)cc(O)c2C(=O)O1,CHEMBL1084170,CHEMBL1084170,ChEMBL,19,266.293,1.730,3,5,5,3,0,1,86.990
c1ccc(CN2CCC(CNc3n[nH]c4ccccc34)CC2)cc1,CHEMBL1085285,CHEMBL1085285,ChEMBL,24,320.440,3.887,2,4,3,2,5,3,43.950
C=CCN1CC[C@]23CC(=O)CC[C@@]2(OCC)[C@H]1Cc1cccc(OC)c13,CHEMBL610892,CHEMBL610892,ChEMBL,26,355.478,3.278,0,4,4,0,5,1,38.770
CCCC[C@H](NC(=O)OC(C(C)C)C(C)C)C(=O)C(=O)Nc1cc(C)[nH]n1,CHEMBL154818,CHEMBL154818,ChEMBL,27,380.489,3.191,3,8,5,3,10,1,113.180
O=C(Nc1ccccc1F)c1ccc(N(CCCl)CCCl)cc1,CHEMBL589825,CHEMBL589825,ChEMBL,23,355.240,4.362,1,3,2,1,7,2,32.340
COC(=O)NCCc1n[nH]c2c1C(=O)C=C(C)C2=O,CHEMBL591201,CHEMBL591201,ChEMBL,19,263.253,0.633,2,7,5,2,3,1,101.150
COCO[C@@H]([C@H](CNC(=O)c1ccccc1)c1ccc2c(c1)OCO2)[C@@H]1OC(C)(C)O[C@H]1CO,CHEMBL1091763,CHEMBL1091763,ChEMBL,34,473.522,2.430,2,9,8,2,10,2,104.710
O=C(Nc1cccc(C(F)(F)F)c1)O/N=C(C1CCCCC1)C(Cn1ccnc1)C1CCCCC1,CHEMBL1209153,CHEMBL1209153,ChEMBL,35,490.570,7.283,1,6,5,1,7,2,68.510
CCC(C)C(=O)c1c[nH]c(OC)c(OC)c1=O,CHEMBL1076712,CHEMBL1076712,ChEMBL,17,239.271,1.621,1,5,4,1,5,1,68.390
C[N+](C)(C)CCN[N+]1(C)CCCc2ccccc21,CHEMBL1078817,CHEMBL1078817,ChEMBL,18,249.402,1.781,1,3,1,1,4,1,12.030
COc1ccc2c(=NN=Cc3ccc(OC)c4ccccc34)cc(C)[nH]c2c1,CHEMBL532261,CHEMBL532261,ChEMBL,28,371.440,4.582,1,5,4,1,4,4,58.970
CN(C)CCCC(C)(C)c1ccc(C(C)(C)C)cc1,CHEMBL1084953,CHEMBL1084953,ChEMBL,19,261.453,4.604,0,1,1,0,5,1,3.240
O=C1Nc2cccc3c2C1(CCCCCN1CC=C(c2c[nH]c4ccccc24)CC1)CCC3,CHEMBL549249,CHEMBL549249,ChEMBL,33,439.603,6.044,2,4,2,2,7,3,48.130
COc1ccc2cc([C@H](O)[C@H](C)N3CCN(Cc4ccccc4)CC3)ccc2c1Cl,CHEMBL591912,CHEMBL591912,ChEMBL,30,424.972,4.742,1,4,4,1,6,3,35.940
CC(C)N(CCO)CCC(=O)c1ccc(C#N)cc1,CHEMBL590250,CHEMBL590250,ChEMBL,19,260.337,1.834,1,4,4,1,7,1,64.330
NCCCC[C@@H](NC(=O)C1CCCCCCC(CS)C(=O)N1)C(=O)O,CHEMBL555862,CHEMBL555862,ChEMBL,25,373.519,1.070,5,7,5,5,8,0,121.520
Cc1ccc2c(c1)/C(=N/O)C(=O)N2c1ccccc1,CHEMBL553689,CHEMBL553689,ChEMBL,19,252.273,2.852,1,4,3,1,1,2,52.900
Nc1cc(C(O)CNCCCCNc2ncnc3c2ncn3[C@@H]2O[C@H](CO)[C@@H](O)[C@H]2O)ccc1O,CHEMBL462274,CHEMBL462274,ChEMBL,35,489.533,-0.759,9,13,13,8,11,3,204.060
CC(=O)c1c(-c2ccc(Cl)cc2)c(-c2ccc(Cl)cc2)nn(CCOC(=O)CCN)c1=O,CHEMBL33423,CHEMBL33423,ChEMBL,32,474.344,3.979,2,7,7,1,8,3,104.280
Cn1cnc2c(ncn2C2O[C@H](COP(=O)(O)O)[C@@H](O)[C@H]2O)c1=S,CHEMBL609524,CHEMBL609524,ChEMBL,24,378.303,-0.772,4,11,10,4,4,2,152.090
NC(CO)(CO)CCc1ccc(-c2ccc(Sc3ccc(Cl)cc3)cc2F)cc1,CHEMBL1091391,CHEMBL1091391,ChEMBL,29,431.960,4.912,4,3,4,3,8,3,66.480
COc1ccc2c(c1)c(/C=C1Oc3cc(O)cc(O)c3C1=O)cn2CCCN1CCN(CCO)CC1,CHEMBL1091854,CHEMBL1091854,ChEMBL,36,493.560,2.677,3,9,9,3,8,3,107.630
OC[C@H]1OC(n2cnc3c(NCCc4c[nH]cn4)ncnc32)[C@H](O)[C@@H]1O,CHEMBL610050,CHEMBL610050,ChEMBL,26,361.362,-1.184,5,11,10,5,6,3,154.230
O=C(O)c1ccccc1-c1cc2ccccc2s1,CHEMBL610765,CHEMBL610765,ChEMBL,18,254.310,4.267,1,2,2,1,2,3,37.300
CCCCN(CCCC)Cc1c(C)nc2n(-c3c(C)cc(C)cc3Cl)c3ncccc3n12,CHEMBL556060,CHEMBL556060,ChEMBL,32,452.046,6.654,0,5,5,0,9,4,38.360
Cc1cc(OCc2c(-c3c(Cl)cccc3Cl)noc2C(C)C)ncc1[N+](=O)[O-],CHEMBL1209059,CHEMBL1209059,ChEMBL,28,422.268,5.962,0,7,6,0,6,3,91.290
N#Cc1cncc(/C=C/c2ccccc2)c1Oc1ccc2[nH]ccc2c1,CHEMBL568973,CHEMBL568973,ChEMBL,26,337.382,5.397,1,4,3,1,4,4,61.700
CCN(CC)CCNc1c2ccccc2[n+](C)c2c1oc1ccc(OCCC[N+](C)(C)C)cc12,CHEMBL4116084,CHEMBL4116084,ChEMBL,34,464.654,4.793,1,6,4,1,11,4,41.520
N#Cc1c2n(c(=O)n(-c3ccccc3)/c1=NCCO)CCC2,CHEMBL569907,CHEMBL569907,ChEMBL,22,296.330,0.350,1,6,6,1,3,2,83.310
COc1ccccc1CNC(=O)c1cc(C(F)(F)F)nn1-c1cccc(-c2noc([C@H](C)N)n2)c1,CHEMBL1076357,CHEMBL1076357,ChEMBL,35,486.454,3.899,3,9,8,2,7,4,121.090
C#CC1c2cc(O)c(OC)cc2CCN1C,CHEMBL611047,CHEMBL611047,ChEMBL,16,217.268,1.563,1,3,3,1,1,1,32.700
COc1ccccc1OCC(O)CNC(C)C,CHEMBL156901,CHEMBL156901,ChEMBL,17,239.315,1.433,2,4,4,2,7,1,50.720
O=C1Nc2ccccc2/C1=N/N=C/c1ccccc1F,CHEMBL595793,CHEMBL595793,ChEMBL,20,267.263,2.601,1,4,3,1,2,2,53.820
CCCCCCCCCCCCCCOP(=O)([O-])OCC[N+](C)(C)CCCCCCCC,CHEMBL569926,CHEMBL569926,ChEMBL,32,477.711,7.626,0,5,4,0,25,0,58.590
C=CC/N=c1/c(C#N)c2n(c(=O)n1-c1ccccc1)CCC2,CHEMBL578823,CHEMBL578823,ChEMBL,22,292.342,1.544,0,5,5,0,3,2,63.080
COc1cc(CNCCCNc2nc3ncccc3[nH]2)c2[nH]cc(Br)c2c1,CHEMBL581077,CHEMBL581077,ChEMBL,27,429.322,3.802,4,7,5,4,8,4,90.650
CC(=O)N[C@H](CO)C(=O)NCc1ccc(N=C=S)cc1,CHEMBL1091683,CHEMBL1091683,ChEMBL,20,293.348,0.534,3,6,5,3,6,1,90.790
CCCCNc1ncnc2c1cnn2C1O[C@H](CO)[C@@H](O)[C@H]1O,CHEMBL605173,CHEMBL605173,ChEMBL,23,323.353,-0.350,4,9,9,4,6,2,125.550
CCOC(=O)C1=C(O)CC(c2ccccc2)N(C(O)CN2CCSCC2)C1c1ccccc1,CHEMBL1090695,CHEMBL1090695,ChEMBL,33,468.619,3.917,2,6,7,2,7,2,73.240
COc1ccc(-c2cc(C(=O)N[C@@H](CC3CCCCC3)C(=O)NCCN3CCCC3)ccc2O)cc1,CHEMBL534251,CHEMBL534251,ChEMBL,36,493.648,4.349,3,7,5,3,10,2,90.900
CCCC(=O)Nc1n[nH]c2cc(-c3ccc(C(F)(F)F)cc3)ccc12,CHEMBL1077282,CHEMBL1077282,ChEMBL,25,347.340,4.987,2,4,2,2,4,3,57.780
COc1ccc(C2C3=C(O)CC(c4ccccc4)CC3=NC(C)=C2C(=O)OCC(C)C)cc1OC,CHEMBL600373,CHEMBL600373,ChEMBL,35,475.585,6.105,1,6,6,1,7,2,77.350
COC(=O)CCc1nc(C2CC(c3ccc(O)c(F)c3)=NO2)no1,CHEMBL563301,CHEMBL563301,ChEMBL,24,335.291,1.886,1,8,8,1,5,2,107.040
Cc1ccc2c(c1)nc1n2C[C@H](N)[C@@H](c2cc(F)c(F)cc2F)C1,CHEMBL562953,CHEMBL562953,ChEMBL,24,331.341,3.429,2,3,3,1,1,3,43.840
Clc1ccc2c(N/N=C/c3ccccc3)ccnc2c1,CHEMBL577321,CHEMBL577321,ChEMBL,20,281.746,4.334,1,3,3,1,3,3,37.280
CC(=O)/N=C1NCCC(c2cn(C)c3ccccc23)N1,CHEMBL576493,CHEMBL576493,ChEMBL,20,270.336,1.705,2,5,2,2,1,2,58.420
COc1cccc(CNC(=O)c2cccc(-c3ccc(CN4CCC(N5CCCC5)CC4)cc3)n2)c1,CHEMBL581092,CHEMBL581092,ChEMBL,36,484.644,4.747,1,6,5,1,8,3,57.700
CCN1CCN(c2nc3ccccn3c(=O)c2/C=C2SC(=S)N(C(C)C)C2=O)CC1,CHEMBL578483,CHEMBL578483,ChEMBL,30,443.598,2.446,0,7,8,0,4,2,61.160
Cc1nc2ccc3cnc(Nc4ccccc4)nc3c2s1,CHEMBL591228,CHEMBL591228,ChEMBL,21,292.367,4.292,1,4,5,1,2,4,50.700
C=CCOC(=O)C1=C(C)N=C(C)/C(=C(O)OCC=C)C1c1ccc(OC)c(OC)c1,CHEMBL589736,CHEMBL589736,ChEMBL,30,413.470,4.237,1,7,7,1,9,1,86.580
COc1cccc2c(=O)c3cccc(C(=O)Nc4ccccn4)c3[nH]c12,CHEMBL1089152,CHEMBL1089152,ChEMBL,26,345.358,3.337,2,6,4,2,3,4,84.080
OC[C@H]1OC(n2cnc3c(NCCc4ccccc4)nc(NCCc4ccccc4)nc32)[C@H](O)[C@@H]1O,CHEMBL605451,CHEMBL605451,ChEMBL,36,490.564,1.747,5,10,10,5,10,4,137.580
CC(C)C[C@H](NC(=O)CS)C(=O)N[C@@H](CCCNC(=N)N)C(N)=O,CHEMBL1078833,CHEMBL1078833,ChEMBL,24,360.484,-1.320,8,9,5,7,11,0,163.190
C#CCOc1ccc(/C=C/C(=O)Nc2ccccc2C(=O)O)cc1OC,CHEMBL1075834,CHEMBL1075834,ChEMBL,26,351.358,3.057,2,6,4,2,7,2,84.860
C(#Cc1ccccc1)CCN1CCCCC1,CHEMBL574932,CHEMBL574932,ChEMBL,16,213.324,2.914,0,1,1,0,2,1,3.240
CC1=C(C(=O)Nc2ccccc2Cl)C(c2ccco2)NC(=S)N1,CHEMBL585178,CHEMBL585178,ChEMBL,23,347.827,3.365,3,5,3,3,3,2,66.300
Cc1cn(C[C@H]2C[C@H](NC(=O)C(N)CC(C)C)[C@@H](CO)O2)c(=O)[nH]c1=O,CHEMBL584341,CHEMBL584341,ChEMBL,26,368.434,-1.147,5,9,7,4,7,1,139.440
CCCCN(Cc1cccc(C)c1O)C(=S)Nc1ccccc1,CHEMBL591437,CHEMBL591437,ChEMBL,23,328.481,4.700,2,3,2,2,6,2,35.500
COc1ccc(C(=O)N[C@@H](Cc2c[nH]cn2)C(=O)N/N=C/c2ccccc2)cc1,CHEMBL592890,CHEMBL592890,ChEMBL,29,391.431,1.910,3,8,5,3,8,3,108.470
O=C(CCCCN1CCOCC1)Nc1ccc(-c2cccnc2)cc1,CHEMBL1084615,CHEMBL1084615,ChEMBL,25,339.439,3.190,1,5,4,1,7,2,54.460
CC1=C(C(=O)Nc2cccc([N+](=O)[O-])c2)C(c2ccc(O)cc2O)NC(NN)=N1,CHEMBL1077095,CHEMBL1077095,ChEMBL,29,398.379,1.382,7,11,9,6,4,2,175.140
CC[C@@]12C=Cn3c4c(c5ccccc53)CC[N+]([O-])(CCC1)[C@H]42,CHEMBL1082252,CHEMBL1082252,ChEMBL,22,294.398,4.228,0,3,2,0,1,2,27.990
CCCCNC(=O)c1nn(-c2ccc(OC)cc2)c(=O)c2ccccc12,CHEMBL611662,CHEMBL611662,ChEMBL,26,351.406,2.924,1,6,5,1,6,3,73.220
CCCCCCCCCCCCCCCC(=O)OCC[N+](CC)(CC)CC,CHEMBL612126,CHEMBL612126,ChEMBL,27,384.669,6.887,0,3,2,0,20,0,26.300
CCN(CC)c1nc(S)nc(NC(C)(C)C)n1,CHEMBL612129,CHEMBL612129,ChEMBL,17,255.391,2.217,1,5,6,2,4,1,53.940
O=c1c(Br)c(C(F)(F)F)[nH]c2ccc(Oc3ccccc3)cc12,CHEMBL534280,CHEMBL534280,ChEMBL,23,384.151,5.102,1,3,2,1,2,3,42.090
O=C(O)CN1C(=O)c2ccc(Oc3cccc([N+](=O)[O-])c3)cc2C1=O,CHEMBL610179,CHEMBL610179,ChEMBL,25,342.263,2.068,1,9,6,1,5,2,127.050
CNCCC(C)N1c2ccccc2N(c2ccccc2F)S1(=O)=O,CHEMBL1084042,CHEMBL1084042,ChEMBL,24,349.431,3.027,1,5,3,1,5,2,52.650
Cc1ccc(/C=C/c2nc3cc(Br)ccc3[nH]2)cc1,CHEMBL584773,CHEMBL584773,ChEMBL,19,313.198,4.804,1,2,1,1,2,3,28.680
Cc1cc(C)nc(N/C=C(C#N)C(=O)c2cccc(CSc3ccccc3)c2)n1,CHEMBL600867,CHEMBL600867,ChEMBL,29,400.507,5.088,1,5,6,1,7,3,78.670
Cn1ccnc1CCn1cc(C(=O)C2C(C)(C)C2(C)C)c2ccccc21,CHEMBL568755,CHEMBL568755,ChEMBL,26,349.478,4.482,0,4,4,0,5,3,39.820
O=C(Nc1ccc(-c2ccncc2)c(-c2cccc(F)c2)n1)C1CC1,CHEMBL1076587,CHEMBL1076587,ChEMBL,25,333.366,4.298,1,4,3,1,4,3,54.880
OCCOCCCCCCNC[C@H](O)c1ccc(O)c(CO)c1,CHEMBL1083884,CHEMBL1083884,ChEMBL,23,327.421,1.077,5,6,6,5,13,1,102.180
Cc1ncn2c1Cn1ncnc1-c1cc(Cl)ccc1-2,CHEMBL1077381,CHEMBL1077381,ChEMBL,19,271.711,2.454,0,5,5,0,0,3,48.530
Oc1ccc(Cl)cc1Nc1ncnc2ccc(Br)cc12,CHEMBL601490,CHEMBL601490,ChEMBL,20,350.603,4.495,2,4,4,2,2,3,58.040
CCOC(=O)c1cc(-c2cccc(OCc3cc(F)ccc3F)c2)on1,CHEMBL571967,CHEMBL571967,ChEMBL,26,359.328,4.376,0,5,5,0,6,3,61.560
COc1ccc(CC(=O)Nc2cn([C@H]3C[C@H](O)C3)cn2)cc1,CHEMBL571523,CHEMBL571523,ChEMBL,22,301.346,1.769,2,6,5,2,5,2,76.380
CCC(CC)Nc1ccc(O)c2ccccc12,CHEMBL571980,CHEMBL571980,ChEMBL,17,229.323,4.146,2,2,2,2,4,2,32.260
O=C(Nc1cccc(F)c1)O/N=C(C1CCCCC1)C(Cn1ccnc1)C1CCCCC1,CHEMBL1209155,CHEMBL1209155,ChEMBL,32,440.563,6.404,1,6,5,1,7,2,68.510
Cc1ccccc1SC(=O)c1cccc(C=O)n1,CHEMBL156703,CHEMBL156703,ChEMBL,18,257.314,3.135,0,3,4,0,3,2,47.030
Nc1nc(SCCc2ccccc2)nc2sc3c(c12)CCN(Cc1ccccc1)C3,CHEMBL572573,CHEMBL572573,ChEMBL,30,432.618,5.167,2,4,6,1,6,4,55.040
CC(=O)c1c[n+](Cc2ccccc2C)ccc1CC1Cc2cc3c(cc2C1=O)OCO3,CHEMBL4116087,CHEMBL4116087,ChEMBL,31,414.481,3.860,0,5,4,0,5,3,56.480
CN(C)CCc1nc2c(sc3ccc(Cl)cc32)c(=O)[nH]1,CHEMBL572743,CHEMBL572743,ChEMBL,20,307.806,2.895,1,4,4,1,3,3,48.990
Clc1cccnc1N1CCN(c2ncccc2Cl)CC1,CHEMBL581297,CHEMBL581297,ChEMBL,20,309.200,3.110,0,4,4,0,2,2,32.260
NS(=O)(=O)c1cccc(-c2ccc3ncc(N4CCOCC4)nc3c2)c1,CHEMBL580443,CHEMBL580443,ChEMBL,26,370.434,1.781,2,7,6,1,3,3,98.410
CCOC(=O)/C(C#N)=CNc1cccc(C(=O)OCC)c1,CHEMBL589268,CHEMBL589268,ChEMBL,21,288.303,2.246,1,6,6,1,6,1,88.420
O=C(Nc1ccc(-c2nc3cc(Cl)ccc3o2)cc1)OCc1ccccc1,CHEMBL589753,CHEMBL589753,ChEMBL,27,378.815,5.897,1,5,4,1,4,4,64.360
O=C1Cc2cc3c(=O)[nH]c(=O)[nH]c3nc2-c2cnccc2N1,CHEMBL606119,CHEMBL606119,ChEMBL,22,295.258,0.168,3,8,5,3,0,3,120.600
CN(C)S(=O)(=O)Nc1ccc(OCCNC[C@H](O)c2cccnc2)cc1,CHEMBL544338,CHEMBL544338,ChEMBL,26,380.470,1.002,3,8,6,3,10,2,103.790
COC(C)[C@H]1C2C[C@H]3C4=Nc5ccccc5[C@]45C[C@@H](C2C5OC(C)=O)N3[C@@H]1O,CHEMBL1079305,CHEMBL1079305,ChEMBL,28,382.460,2.018,1,6,6,1,3,1,71.360
c1ccc(Oc2ccc(N3CCNCC3)cc2)cc1,CHEMBL576512,CHEMBL576512,ChEMBL,19,254.333,2.889,1,3,3,1,3,2,24.500
CCN(CC)C(=O)[C@@H]1C=C2c3cccc4[nH]cc(c34)C[C@H]2N(C(=O)Nc2cccc(C)c2)C1,CHEMBL584356,CHEMBL584356,ChEMBL,33,442.563,4.817,2,6,2,2,4,3,68.440
COc1cc(C[C@H]2CO[C@H](O)[C@@H]2Cc2ccc(O)c(OC)c2)ccc1O,CHEMBL584197,CHEMBL584197,ChEMBL,26,360.406,2.481,3,6,6,3,6,2,88.380
O=c1[nH]c(=O)n([C@@H]2O[C@H](COP(=O)(O)OP(=O)(O)O)[C@@H](O)[C@H]2O)cc1F,CHEMBL590981,CHEMBL590981,ChEMBL,26,422.151,-2.479,6,14,10,6,6,1,217.840
COC1=CC(=O)c2c(CCNC(=O)OCc3ccccc3)n[nH]c2C1=O,CHEMBL590067,CHEMBL590067,ChEMBL,26,355.350,1.788,2,8,6,2,6,2,110.380
CC(C)[C@H](NC(=O)[C@H](CS)NC(=O)CS)C(N)=O,CHEMBL1077410,CHEMBL1077410,ChEMBL,18,293.414,-1.043,4,6,5,5,7,0,101.290
O=C(Nc1ccccc1)c1cnn2ccccc12,CHEMBL1077476,CHEMBL1077476,ChEMBL,18,237.262,2.587,1,4,3,1,2,3,46.400
CC(=O)CSc1cnnn1-c1ccccc1,CHEMBL1082938,CHEMBL1082938,ChEMBL,16,233.296,1.948,0,4,5,0,4,2,47.780
Clc1cc2nc(NCCc3ccc(NC4=NCCCS4)cc3)sc2cc1Cl,CHEMBL1076268,CHEMBL1076268,ChEMBL,27,437.421,6.163,2,4,6,2,5,3,49.310
NC(=O)C[C@H](NC(=O)CS)C(=O)N[C@@H](Cc1ccccc1)C(N)=O,CHEMBL1077444,CHEMBL1077444,ChEMBL,24,352.416,-1.511,6,8,5,5,9,1,144.380
N#CCc1c(C(=O)N2CCc3ccccc3C2)nn(-c2ccccc2Cl)c1-c1ccc(Cl)cc1,CHEMBL602507,CHEMBL602507,ChEMBL,34,487.390,6.111,0,5,4,0,4,4,61.920
O=C(C1=C(O)c2ccccc2S(=O)(=O)N1Cc1ccccc1)c1ccccc1,CHEMBL602514,CHEMBL602514,ChEMBL,28,391.448,4.001,1,5,4,1,4,3,74.680
O=C(O)/C=C/C(=O)Nc1ccc(Cl)c(Cl)c1,CHEMBL1077287,CHEMBL1077287,ChEMBL,16,260.076,2.573,2,4,2,2,3,1,66.400
Oc1ccc(Nc2nc(-c3ccc(Cl)cc3)cs2)cc1,CHEMBL1076555,CHEMBL1076555,ChEMBL,20,302.786,4.913,2,3,4,2,3,3,45.150
CN1CC[C@]23CC(=O)CC[C@@]2(O)[C@H]1Cc1ccccc13,CHEMBL606769,CHEMBL606769,ChEMBL,20,271.360,1.669,1,3,3,1,0,1,40.540
CC[C@H]1CN2CC[C@H]1C[C@H]2[C@@H](O)c1cc(OCCCN(C)C)nc2ccc(OC)cc12,CHEMBL588329,CHEMBL588329,ChEMBL,31,427.589,3.728,1,6,6,1,9,2,58.060
C[C@H](NC(=O)Cc1ccccc1)C(=O)N[C@H](C)C(=O)O,CHEMBL1160429,CHEMBL1160429,ChEMBL,20,278.308,0.323,3,6,3,3,6,1,95.500
COc1ccccc1C1=C(Nc2ccccc2)C(=O)NC1=O,CHEMBL156263,CHEMBL156263,ChEMBL,22,294.310,2.175,2,5,4,2,4,2,67.430
Cc1cn([C@H]2C[C@H](n3cc(-c4ccccn4)nn3)[C@@H](CO)O2)c(=O)[nH]c1=O,CHEMBL1091719,CHEMBL1091719,ChEMBL,27,370.369,0.020,2,10,9,2,4,3,127.920
Oc1ccc2[nH]cc(CCC3CCNCC3)c2c1,CHEMBL1159866,CHEMBL1159866,ChEMBL,18,244.338,2.806,3,3,2,3,3,2,48.050
O=S(=O)(O)OC[C@H]1OCC[C@@H](OCc2ccccc2)C1OS(=O)(=O)O,CHEMBL1160112,CHEMBL1160112,ChEMBL,25,398.411,0.368,2,10,8,2,8,1,145.660
N#Cc1cc(Cl)cc(Oc2c(F)c(CCc3cccc(Cl)c3)[nH]c(=O)c2Br)c1,CHEMBL3347280,CHEMBL3347280,ChEMBL,28,482.136,6.032,1,4,3,1,5,3,65.880
NC(=O)CCc1ccc(S(=O)(=O)NCc2ccccc2)cc1,CHEMBL3347285,CHEMBL3347285,ChEMBL,22,318.398,1.583,3,5,3,2,7,2,89.260
Cc1ccccc1NC(=O)Nc1ccc([N+](=O)[O-])cc1O,CHEMBL609468,CHEMBL609468,ChEMBL,21,287.275,3.253,3,7,4,3,3,2,104.500
COC(=O)c1ccc2c(=O)n(Nc3nc(C)cc(C)n3)[n+](SCc3cccc(Cl)c3)cc2c1,CHEMBL611733,CHEMBL611733,ChEMBL,33,482.973,3.708,1,8,8,1,6,4,89.990
Cc1cc(C)c(Oc2ccnc(Nc3ccc(C#N)cc3)n2)c(C)c1,CHEMBL305803,CHEMBL305803,ChEMBL,25,330.391,4.809,1,5,5,1,4,3,70.830
CCOC(=O)c1c(-c2ccc(OC)cc2)[nH]c2cc(OC)ccc2c1=O,CHEMBL1088996,CHEMBL1088996,ChEMBL,26,353.374,3.389,1,6,5,1,5,3,77.620
O=C(O)Cc1cccn(C(F)F)c1=O,CHEMBL1089958,CHEMBL1089958,ChEMBL,14,203.144,0.871,1,4,3,1,3,1,59.300
CN(C)Cc1cccc(-c2cc3c(-c4cnn(C)c4)ccnc3[nH]2)c1,CHEMBL1090670,CHEMBL1090670,ChEMBL,25,331.423,3.692,1,5,4,1,4,4,49.740
O=C(NCC1CCNCC1)c1ccncc1-c1cccc(Cl)c1,CHEMBL1086503,CHEMBL1086503,ChEMBL,23,329.831,3.131,2,4,3,2,4,2,54.020
Nc1ccc(-n2cc(-c3cccc(NC(=O)CCCCCCC(=O)NO)c3)nn2)cc1,CHEMBL1094708,CHEMBL1094708,ChEMBL,31,422.489,3.301,5,9,7,4,10,3,135.160
COc1ccc(C(=O)O/N=C2/C=C(C)C(=O)C=C2C)cc1,CHEMBL1093605,CHEMBL1093605,ChEMBL,21,285.299,2.683,0,5,5,0,3,1,64.960
COc1ccc(CC2COc3c(C)c(O)c(C)c(O)c3C2=O)c(O)c1,CHEMBL1094912,CHEMBL1094912,ChEMBL,25,344.363,2.863,3,6,6,3,3,2,96.220
COc1cc2nc(N3CCN(C(=O)C4COc5cccc(OC)c5O4)CC3)nc(N)c2cc1OC,CHEMBL154714,CHEMBL154714,ChEMBL,35,481.509,1.726,2,11,10,1,5,3,121.500
CC(C)Oc1ccccc1N1CCN(CCc2ccc(C(=O)C(=O)N3CCCCCC3)n2C)CC1,CHEMBL1161051,CHEMBL1161051,ChEMBL,35,480.653,3.762,0,7,6,0,8,2,58.020
CNC(=O)Nc1ccc(-c2nc(N3CC4CCC(C3)O4)c3cnn([C@H]4CC[C@H](O)CC4)c3n2)cc1,CHEMBL610630,CHEMBL610630,ChEMBL,35,477.569,3.088,3,10,8,3,4,3,117.430
CC[C@@H]1C/C=CC(=O)[C@@H](O)[C@@H](O)C/C=Cc2cc(OC)cc(O)c2C(=O)O1,CHEMBL1077368,CHEMBL1077368,ChEMBL,27,376.405,1.990,3,7,7,3,2,1,113.290
Cc1ncccc1OC(C)C1=NCCN1,CHEMBL160738,CHEMBL160738,ChEMBL,15,205.261,1.159,1,4,4,1,3,1,46.510
CC(C)NC[C@H](O)c1ccc(NS(C)(=O)=O)c(O)c1,CHEMBL1160711,CHEMBL1160711,ChEMBL,19,288.369,0.795,4,6,5,4,6,1,98.660
O=S(=O)(c1ccc(Br)cc1)N1CCN(Cc2ccc3cccnc3c2O)CC1,CHEMBL1171716,CHEMBL1171716,ChEMBL,28,462.369,3.209,1,6,5,1,4,3,73.740
O=P1(O)OC[C@@H](O)[C@H](CO)OP(=O)(O)O1,CHEMBL1162462,CHEMBL1162462,ChEMBL,15,264.063,-1.028,4,9,7,4,1,0,142.750
C[C@@H](NCc1ccc(OCCc2ccccc2)cc1)C(N)=O,CHEMBL154609,CHEMBL154609,ChEMBL,22,298.386,2.271,3,4,3,2,8,2,64.350
Nn1c(S)nnc1COc1ccc(Cl)cc1Cl,CHEMBL1095997,CHEMBL1095997,ChEMBL,17,291.163,2.166,2,5,6,2,3,2,65.960
CC(C)=CCOc1ccc(C2CC2c2nnc3c4ccccc4cnn23)cc1,CHEMBL1088980,CHEMBL1088980,ChEMBL,28,370.456,4.894,0,5,5,0,5,4,52.310
N#Cc1cccc(-c2ccc3c(cnn3-c3ccc(F)cc3)c2)c1,CHEMBL1086312,CHEMBL1086312,ChEMBL,24,313.335,4.703,0,3,3,0,2,4,41.610
NC(=O)c1ccc2c(ccn2CC(=O)COc2ccc(-c3ccccc3)cc2)c1,CHEMBL1086063,CHEMBL1086063,ChEMBL,29,384.435,4.055,2,5,4,1,7,4,74.320
CCC(=O)N1C[C@H]2[C@H](N3CCCC3)CC[C@@H]1CN2C(=O)Cc1ccc(Cl)c(Cl)c1,CHEMBL1094237,CHEMBL1094237,ChEMBL,29,438.399,3.612,0,5,3,0,4,1,43.860
COc1ccccc1-n1c(Nc2nc(-c3ccc([N+](=O)[O-])cc3)cs2)n[nH]c1=S,CHEMBL1096596,CHEMBL1096596,ChEMBL,29,426.483,4.714,2,9,9,2,6,4,110.900
CC1(C)OC(=S)Nc2ccc(-c3ccc(C#N)n3CCCF)cc21,CHEMBL1098265,CHEMBL1098265,ChEMBL,24,343.427,4.348,1,4,4,1,4,2,49.980
Nc1nc2c(c(N3CC4CCCNC4C3)n1)CCCCC2c1ccccc1,CHEMBL1077276,CHEMBL1077276,ChEMBL,27,363.509,3.105,3,5,5,2,2,2,67.070
CC(C)CC(=O)OC(C)c1ccc2ccccc2c1,CHEMBL1093316,CHEMBL1093316,ChEMBL,19,256.345,4.490,0,2,2,0,4,2,26.300
CC1CCC[C@@H]2[C@]1(C)CC[C@H](C)[C@@]2(C)CC1=CC(=O)C(Cl)=CC1=O,CHEMBL1077098,CHEMBL1077098,ChEMBL,24,348.914,5.456,0,2,2,0,2,0,34.140
CC1(C)[C@H]2CCC3=C[C@@](C)([C@@H](O)CO)CC[C@H]3[C@]2(C)CC[C@H]1O,CHEMBL1076911,CHEMBL1076911,ChEMBL,23,322.489,3.280,3,3,3,3,2,0,60.690
CC(=O)N[C@@H](CCCCNCc1cccc(OCC(=O)O)c1)C(N)=O,CHEMBL1161924,CHEMBL1161924,ChEMBL,25,351.403,0.400,5,8,5,4,12,1,130.750
O=P(O)(O)c1ccc(Cc2ccc(P(=O)(O)O)cc2)cc1,CHEMBL1161220,CHEMBL1161220,ChEMBL,21,328.197,0.883,4,6,2,4,4,2,115.060
C[C@@H](O)[C@H]1C(=O)N2C(C(=O)O)=C(c3cc(C#N)c4oc5ccccc5c4c3)C[C@H]12,CHEMBL1160771,CHEMBL1160771,ChEMBL,29,388.379,2.865,2,7,5,2,3,3,114.770
CCCCC(=O)NC(=S)Nc1nc2ccccc2s1,CHEMBL1099299,CHEMBL1099299,ChEMBL,19,293.417,3.300,2,4,4,2,4,2,54.020
CN[C@@H]1CCN(c2nc(N)nc3c2CCCC3c2ccccc2)C1,CHEMBL1084425,CHEMBL1084425,ChEMBL,24,323.444,2.325,3,5,5,2,3,2,67.070
COc1cccc(N/N=C2C(=O)NN=C2c2ccc(OC)c(OC)c2)c1,CHEMBL1088145,CHEMBL1088145,ChEMBL,26,354.366,2.014,2,8,7,2,6,2,93.540
CCOc1ccc(OC)cc1CCCNC(C)=O,CHEMBL1091561,CHEMBL1091561,ChEMBL,18,251.326,2.163,1,4,3,1,7,1,47.560
C=C1C[C@H]2O[C@H]([C@@H]3[C@@H](C(C)C)CCC(=C)[C@H]23)[C@](C)(O)CC[C@@H]1OC(C)=O,CHEMBL1096781,CHEMBL1096781,ChEMBL,26,362.510,4.031,1,4,4,1,2,0,55.760
COC(=O)/C=C/C(=O)N[C@H]1C[C@@]23C=C[C@]1(OC)[C@@H]1Oc4c(O)ccc5c4C12CCN(C)[C@@H]3C5,CHEMBL606709,CHEMBL606709,ChEMBL,33,452.507,1.210,2,8,7,2,4,1,97.330
CC(c1ccc(Cl)cc1)c1c2n(c3cc(F)cc(S(C)(=O)=O)c13)CCC2CC(=O)O,CHEMBL406648,CHEMBL406648,ChEMBL,30,449.931,4.951,1,5,4,1,5,3,76.370
C[C@@]1(O)[C@@H](CO)OC(n2cnc3c(NC4CCCC4)ncnc32)[C@@H]1O,CHEMBL611115,CHEMBL611115,ChEMBL,25,349.391,0.182,4,9,9,4,4,2,125.550
C[n+]1c2ccccc2c(Nc2ccc(F)cc2F)c2[nH]c3ccccc3c21,CHEMBL4116115,CHEMBL4116115,ChEMBL,27,360.387,5.321,2,3,1,2,2,5,31.700
COc1ccc(/N=C(C)C(C)=Nc2ccc(OC)cc2)cc1,CHEMBL608409,CHEMBL608409,ChEMBL,22,296.370,4.589,0,4,4,0,5,2,43.180
C=C1/C(=CC=C2/CCC[C@]3(C)C([C@H](C)CCCS(C)(=O)=O)=CC[C@@H]23)C[C@@H](O)C[C@@H]1O,CHEMBL1094634,CHEMBL1094634,ChEMBL,30,434.642,4.508,2,4,4,2,6,0,74.600
CC1=C(C#N)c2nc(N)c(C#N)c(C)c2/C1=C/c1ccc(-c2ccccc2C(=O)O)o1,CHEMBL1088591,CHEMBL1088591,ChEMBL,31,408.417,4.653,3,7,6,2,3,3,136.930
Cc1ccccc1-c1ncnc2c1ncn2C1O[C@H](CO)[C@@H](O)[C@H]1O,CHEMBL612143,CHEMBL612143,ChEMBL,25,342.355,0.413,3,8,8,3,3,3,113.520
CC(C)c1ccc(-c2cc(-c3ccc4c(c3)CCCC4)nc(Cl)c2C#N)cc1,CHEMBL1078513,CHEMBL1078513,ChEMBL,28,386.926,6.943,0,2,2,0,3,3,36.680
CC1C2c3ccccc3C(c3ccccc32)C1CN,CHEMBL1213309,CHEMBL1213309,ChEMBL,19,249.357,3.488,2,1,1,1,1,2,26.020
Nc1ccc2c(O)c(/N=N/c3ccc4c(O)cc(S(=O)(=O)O)cc4c3)c(S(=O)(=O)O)cc2c1,CHEMBL1092443,CHEMBL1092443,ChEMBL,33,489.487,3.895,6,11,9,5,4,4,199.940
CC(C)CCNc1cc(Cl)nc(SC(C(=O)O)c2cccc3ccccc23)n1,CHEMBL1089317,CHEMBL1089317,ChEMBL,28,415.946,5.659,2,5,5,2,8,3,75.110
O=C(CCCCC(c1ccccc1)c1ccccc1)N1CCN(C/C=C/c2ccccc2)CC1,CHEMBL1088309,CHEMBL1088309,ChEMBL,34,452.642,6.237,0,3,2,0,10,3,23.550
O=C(NCc1ccc(OCC2CCCCC2)c(Cl)c1)c1ccc(OP(=O)(O)O)cc1,CHEMBL1160322,CHEMBL1160322,ChEMBL,30,453.859,4.701,3,7,4,3,8,2,105.090
CCCN(CCC)CCCCC(C)Nc1c2ccc(Cl)cc2nc2ccc(OC)cc12,CHEMBL532645,CHEMBL532645,ChEMBL,31,442.047,7.143,1,4,4,1,12,3,37.390
N#Cc1cc(F)cc(C(=O)Nc2ccccn2)c1,CHEMBL1209204,CHEMBL1209204,ChEMBL,18,241.225,2.345,1,4,3,1,2,2,65.780
CC1(C)O[C@H]2[C@@H](CC(=O)NCCc3c[nH]c4ccccc34)O[C@@H](CNCCNc3ncccn3)[C@H]2O1,CHEMBL1098866,CHEMBL1098866,ChEMBL,36,494.596,1.996,4,10,8,4,11,3,122.420
O=C(COc1cccc(F)c1C(=O)NCCCCO)N[C@H](CO)Cc1ccccc1,CHEMBL1088782,CHEMBL1088782,ChEMBL,30,418.465,1.427,4,7,5,4,12,2,107.890
COc1cc2c(cc1Br)CC[C@@H]1[C@@H]2CC[C@]2(C)[C@@H](O)CC[C@@H]12,CHEMBL1077878,CHEMBL1077878,ChEMBL,22,365.311,4.675,1,2,2,1,1,1,29.460
C[C@H]1CC[C@H]2[C@@H](C=C[C@@H]3COC(=O)[C@@]32C)C1,CHEMBL1077021,CHEMBL1077021,ChEMBL,16,220.312,2.788,0,2,2,0,0,0,26.300
C(=NNC1=NCCCN1)c1ccc2nc(-c3ccccc3)cn2c1,CHEMBL1161178,CHEMBL1161178,ChEMBL,24,318.384,2.274,2,6,6,2,3,3,66.080
Nc1nccc(-c2cnc3ccccc3c2)n1,CHEMBL1075896,CHEMBL1075896,ChEMBL,17,222.251,2.274,2,4,4,1,1,3,64.690
CCN(CC)CC(=O)Nc1ccc2ncn(CCc3c[nH]c4ccccc34)c(=O)c2c1,CHEMBL1098309,CHEMBL1098309,ChEMBL,31,417.513,3.401,2,7,5,2,8,4,83.020
COc1ccc2c(Nc3c(Cl)cncc3Cl)cc(=O)oc2c1OCCCCCCCC(=O)O,CHEMBL1099322,CHEMBL1099322,ChEMBL,33,495.359,6.051,2,8,7,2,12,3,110.890
C[C@]12O[C@@H]3OC(=O)[C@H]1[C@H](C[C@@H]2O)[C@H]3CO,CHEMBL1096298,CHEMBL1096298,ChEMBL,15,214.217,-0.736,2,5,5,2,1,0,75.990
CC[C@H](COc1nc(N)c2ncn(C3O[C@H](CO)[C@@H](O)[C@H]3O)c2n1)c1ccccc1,CHEMBL612215,CHEMBL612215,ChEMBL,30,415.450,0.593,5,10,10,4,7,3,148.770
N=C(N)Nc1ccc(CCCCCCc2ccc(NC(=N)N)cc2)cc1,CHEMBL1161839,CHEMBL1161839,ChEMBL,26,352.486,3.643,8,6,2,6,9,2,123.800
CC(=O)NCC[C@@H](NS(=O)(=O)c1ccc(Br)cc1)C(=O)NO,CHEMBL1093690,CHEMBL1093690,ChEMBL,22,394.247,0.128,4,8,5,4,7,1,124.600
O=C(Nc1ccccc1)Nc1n[nH]c2cc(Cl)c(-c3ccccc3)cc12,CHEMBL1092134,CHEMBL1092134,ChEMBL,26,362.820,5.527,3,5,2,3,3,4,69.810
Nc1nn(C2O[C@H](CO)[C@@H](O)[C@H]2O)c2nc[nH]c(=O)c12,CHEMBL604773,CHEMBL604773,ChEMBL,20,283.244,-2.687,6,10,9,5,2,2,159.510
CN(C)CCCc1cn(Cc2cc(C(C)(C)C)cc(C(C)(C)C)c2)nn1,CHEMBL4116089,CHEMBL4116089,ChEMBL,26,356.558,4.416,0,4,4,0,6,2,33.950
O=S(=O)(c1ccc(Cl)cc1)C1CCOc2c(F)ccc(F)c21,CHEMBL1093624,CHEMBL1093624,ChEMBL,22,344.766,3.916,0,3,3,0,2,2,43.370
C=C1C(=O)O[C@@H]2C[C@]34O[C@H]3CC[C@H](C)[C@@]4(C)C[C@]12O,CHEMBL1097906,CHEMBL1097906,ChEMBL,19,264.321,1.567,1,4,4,1,0,0,59.060
N[C@H](C(=O)N[C@H]1CCC(=O)N(CC(=O)O)C1=O)C1CCCN1,CHEMBL1094936,CHEMBL1094936,ChEMBL,22,312.326,-2.216,5,9,6,4,5,0,141.830
CC(NS(N)(=O)=O)c1csc2ccccc12,CHEMBL1088204,CHEMBL1088204,ChEMBL,16,256.352,1.755,3,4,3,2,3,2,72.190
NC(=O)c1cccc(NC(=O)CCCCC(=O)Nc2cccc(C(N)=O)c2)c1,CHEMBL1078223,CHEMBL1078223,ChEMBL,28,382.420,2.022,6,8,4,4,9,2,144.380
CCC(C)C1(CC(=O)O)OCCc2c1[nH]c1c(Cl)ccc(Cl)c21,CHEMBL1086957,CHEMBL1086957,ChEMBL,23,356.249,4.764,2,4,2,2,4,2,62.320
O=C(NCc1ccc(-c2ccc(Cl)cc2)cc1F)N1CCNCC1,CHEMBL1090397,CHEMBL1090397,ChEMBL,24,347.821,3.261,2,4,2,2,3,2,44.370
COc1ccc(C2NC(c3ccc(OC)cc3)C3CCCC2C3=NOCc2ccccc2)cc1,CHEMBL1080664,CHEMBL1080664,ChEMBL,34,456.586,6.079,1,5,5,1,7,3,52.080
O=C(/C=C/c1cccc([N+](=O)[O-])c1)c1ccc2ccccc2c1,CHEMBL1096286,CHEMBL1096286,ChEMBL,23,303.317,4.644,0,4,3,0,4,3,60.210
Cc1csc(COc2ccc(F)c(C(N)=O)c2F)n1,CHEMBL1096337,CHEMBL1096337,ChEMBL,19,284.287,2.408,2,4,4,1,4,2,65.210
O=C(Nc1ccc(Cl)cc1)Nc1ccc(C(=O)NCCN2CCOCC2)cc1,CHEMBL1086694,CHEMBL1086694,ChEMBL,28,402.882,3.046,3,7,4,3,6,2,82.700
NC(=O)CCC(NS(=O)(=O)c1ccc(Cl)c2ccccc12)C(N)=O,CHEMBL1095378,CHEMBL1095378,ChEMBL,24,369.830,0.891,5,7,4,3,7,2,132.350
CNC1=C(SC)C(=O)c2ncccc2C1=O,CHEMBL1097293,CHEMBL1097293,ChEMBL,16,234.280,1.255,1,4,5,1,2,1,59.060
O=C1NC(=S)S/C1=CCC1Oc2ccccc2N(Cc2ccc(Cl)cc2)C1=O,CHEMBL1096640,CHEMBL1096640,ChEMBL,28,430.938,4.056,1,5,5,1,4,2,58.640
CC[C@]12CCCN3CCc4c(n(c5ccccc45)[C@H](OC)C1)[C@@H]32,CHEMBL1097360,CHEMBL1097360,ChEMBL,23,310.441,4.279,0,3,3,0,2,2,17.400
Nc1ccncc1-c1ccccc1O[C@H]1C[C@@H]2CNC[C@H]1C2,CHEMBL1209184,CHEMBL1209184,ChEMBL,22,295.386,2.708,3,4,4,2,3,2,60.170
O=C1c2ccc(Br)cc2C(=O)N1c1ccc(O)cc1,CHEMBL1083881,CHEMBL1083881,ChEMBL,19,318.126,2.955,1,4,3,1,1,2,57.610
COc1ccc(C2C=C(C(=O)O)NC3=C2C(=O)CC(C)(C)C3)cc1,CHEMBL1164952,CHEMBL1164952,ChEMBL,24,327.380,2.994,2,5,4,2,3,1,75.630
Cn1cnc2c(NCCCO)nc(-c3cccc(C(=O)N4CCC(c5ccccc5)CC4)c3)nc21,CHEMBL1086527,CHEMBL1086527,ChEMBL,35,470.577,3.844,2,8,7,2,7,4,96.170
O=C(Nc1ccccc1)Nc1ccc(-c2n[nH]cc2-c2ccnc3[nH]ccc23)cc1,CHEMBL1095192,CHEMBL1095192,ChEMBL,30,394.438,5.264,4,7,3,4,4,5,98.490
OC[C@H]1O[C@@H](O[C@@H](CCc2ccc(O)cc2)C[C@@H](O)CCc2ccc(O)cc2)[C@H](O)[C@H](O)[C@H]1O,CHEMBL1159483,CHEMBL1159483,ChEMBL,34,478.538,0.599,7,9,9,7,11,2,160.070
CN1CC[C@]23c4c5cccc4O[C@H]2C(=O)CC[C@@]3(O)[C@H]1C5,CHEMBL606771,CHEMBL606771,ChEMBL,21,285.343,1.040,1,4,4,1,0,1,49.770
CCCN1CCc2cccc3c2[C@H]1Cc1ccc2c(c1-3)OC(C)(C)C2,CHEMBL611973,CHEMBL611973,ChEMBL,25,333.475,4.932,0,2,2,0,2,2,12.470
C[n+]1c2ccc(Cl)cc2cc2[n-]c3c([N+](=O)[O-])cccc3c21,CHEMBL609427,CHEMBL609427,ChEMBL,22,311.728,3.490,0,5,2,0,1,4,61.120
C[n+]1c2ccccc2cc2[n-]c3cc([N+](=O)[O-])c(Br)cc3c21,CHEMBL609688,CHEMBL609688,ChEMBL,22,356.179,3.599,0,5,2,0,1,4,61.120
O=C(NC1CC1)c1ccc(Cl)c(Nc2nncc3c2cnn3-c2ccccc2Cl)c1,CHEMBL1076741,CHEMBL1076741,ChEMBL,30,439.306,4.758,2,7,6,2,5,4,84.730
COCCNCc1ccc(-c2ccc3c(Nc4ccc(Cl)cc4F)ccnc3c2)o1,CHEMBL548124,CHEMBL548124,ChEMBL,30,425.891,5.767,2,5,5,2,8,4,59.320
CC(C)CN(C(=O)c1cc(Cl)cc(Cl)c1)[C@H]1CCNC1,CHEMBL1078741,CHEMBL1078741,ChEMBL,20,315.244,3.454,1,3,2,1,4,1,32.340
COc1ccc2[nH]n(CC3(C)NC(=O)NC3=O)c(=O)c2c1,CHEMBL1078396,CHEMBL1078396,ChEMBL,21,290.279,-0.064,3,8,5,3,3,2,105.220
Cn1c(=O)c2c(ncn2CC(=O)Nc2nc(-c3ccc(Br)cc3)cs2)n(C)c1=O,CHEMBL1086530,CHEMBL1086530,ChEMBL,29,475.328,1.958,1,9,9,1,4,4,103.810
CCCCCCCc1nc2c(N)nc3ccccc3c2n1Cc1ccccc1,CHEMBL1086372,CHEMBL1086372,ChEMBL,28,372.516,5.728,2,4,4,1,8,4,56.730
Cc1cccnc1-c1ccccc1NCC1=NCCN1,CHEMBL154170,CHEMBL154170,ChEMBL,20,266.348,2.471,2,4,4,2,4,2,49.310
CN[C@@H]1CCN(c2ncnc3c2oc2cc(Cl)ccc23)C1,CHEMBL1092064,CHEMBL1092064,ChEMBL,21,302.765,2.828,1,5,5,1,2,3,54.190
COc1cc(CC(=O)NCCOC(=O)[C@@H](N)CCSC)ccc1O,CHEMBL1161558,CHEMBL1161558,ChEMBL,24,356.444,0.683,4,7,7,3,10,1,110.880
Oc1ccc(C2=Nc3ccccc3OC(c3ccccc3Cl)/C2=C/Nc2ccc(Cl)cc2)cc1,CHEMBL1095900,CHEMBL1095900,ChEMBL,34,487.386,7.950,2,4,4,2,4,4,53.850
COC(=O)C1=CCCCC1C1=C(C)C2=Cc3c(C)cc(C)n3[B-](F)(F)[N+]2=C1C,CHEMBL1093296,CHEMBL1093296,ChEMBL,28,386.251,4.385,0,4,3,0,2,1,34.240
CCOc1ccc(/C=C/C(=O)/C=C/c2ccc(OCC)cc2)cc1,CHEMBL1093989,CHEMBL1093989,ChEMBL,24,322.404,4.780,0,3,3,0,8,2,35.530
CCOC(=O)c1c(NC(=O)CN2CCN(c3ccccc3OC)CC2)sc2c1CCN(C)C2,CHEMBL1088217,CHEMBL1088217,ChEMBL,33,472.611,2.682,1,8,8,1,7,2,74.350
CCCC(=O)Nc1n[nH]c2cc(-c3ccc(CC)cc3)ccc12,CHEMBL1077270,CHEMBL1077270,ChEMBL,23,307.397,4.531,2,4,2,2,5,3,57.780
O=c1cc(CN2CCNCC2)nc2ccccn12,CHEMBL612001,CHEMBL612001,ChEMBL,18,244.298,0.100,1,5,5,1,2,2,49.640
Oc1ccc(/N=C(/Cc2ccc(F)cc2)c2ccc(O)c(O)c2)cc1,CHEMBL1077248,CHEMBL1077248,ChEMBL,25,337.350,4.306,3,4,4,3,4,3,73.050
CCN(CC)c1nc2c(S(=O)(=O)c3ccccc3)nnn2c2cccc(Cl)c12,CHEMBL1076614,CHEMBL1076614,ChEMBL,28,415.906,3.610,0,7,7,0,5,4,80.460
N#Cc1cc(Cl)cc(Oc2c(CCOc3cccnc3)c[nH]c(=O)c2Br)c1,CHEMBL3347288,CHEMBL3347288,ChEMBL,27,446.688,4.471,1,6,5,1,6,3,88.000
COC(=O)/C=CC(=O)Nc1ccc(C)cc1,CHEMBL1077272,CHEMBL1077272,ChEMBL,16,219.240,1.663,1,4,3,1,3,1,55.400
CC(C)Nc1nc2cc3cc(Cl)c(Cl)cc3nc2n1C1O[C@H](CO)[C@@H](O)[C@H]1O,CHEMBL609497,CHEMBL609497,ChEMBL,28,427.288,2.323,4,8,8,4,4,3,112.660
CCCN1CNc2c(c(=O)[nH]c(=S)n2CCc2ccc(C)cc2)C1,CHEMBL1095821,CHEMBL1095821,ChEMBL,24,344.484,3.052,2,5,5,2,5,2,53.060
CCCCSC1=CC(=O)C(C[C@]2(C)[C@@H](C)CC[C@]3(C)C(C)=CCC[C@H]32)=CC1=O,CHEMBL1088207,CHEMBL1088207,ChEMBL,28,400.628,6.671,0,2,3,0,6,0,34.140
Cc1cccc(CSc2nc(Cc3ccccc3)cc(=O)[nH]2)c1,CHEMBL1095336,CHEMBL1095336,ChEMBL,23,322.433,3.961,1,3,3,1,5,3,45.750
CO[C@H]1OCC(S[C@H]2O[C@H](CO)[C@@H](O)[C@H](O)[C@H]2NC(C)=O)C[C@H]1O,CHEMBL1090111,CHEMBL1090111,ChEMBL,24,367.420,-2.214,5,9,9,5,5,0,137.710
CCOC(=O)[C@H]1O[C@@H]1C(=O)N(CC(C)C)NC(=O)[C@H](CC(C)C)NC(C)=O,CHEMBL1213533,CHEMBL1213533,ChEMBL,27,385.461,0.384,2,9,6,2,9,0,117.340
CC(C)C(=O)N1CCCCC1c1nnn(-c2cccc(Cl)c2)n1,CHEMBL1084477,CHEMBL1084477,ChEMBL,23,333.823,3.025,0,6,5,0,3,2,63.910
CC(=O)Nc1ccc(/C=N/NC(=O)c2nc(-c3ccc(O)cc3)no2)cc1,CHEMBL610484,CHEMBL610484,ChEMBL,27,365.349,2.165,3,9,7,3,5,3,129.710
N#Cc1cc(Cl)cc(Oc2c(COCc3ccncc3)c[nH]c(=O)c2Br)c1,CHEMBL3347290,CHEMBL3347290,ChEMBL,27,446.688,4.567,1,6,5,1,6,3,88.000
C[C@]12CC[C@H]3[C@@H](C[C@H](O[N+](=O)[O-])[C@H]4C/C(=N/OCCN)CC[C@@]43C)[C@@H]1CCC2=O,CHEMBL1163158,CHEMBL1163158,ChEMBL,29,407.511,3.116,2,8,7,1,5,0,117.050
O=c1[nH]c2cc(NCCO)ccc2c(=O)n1-c1cccc(Cl)c1,CHEMBL1093521,CHEMBL1093521,ChEMBL,23,331.759,1.737,3,6,5,3,4,3,87.120
C=C1C(=O)[C@@]23[C@@H]([C@@H](O)C[C@@H]1[C@H]2O)[C@]1(CO)CCCC(C)(C)[C@H]1C[C@H]3O,CHEMBL1165401,CHEMBL1165401,ChEMBL,25,350.455,1.039,4,5,5,4,1,0,97.990
Cc1ccc(NC(=O)Nc2ccc(Oc3ccc(-c4nccs4)cc3)cc2)cc1,CHEMBL1165404,CHEMBL1165404,ChEMBL,29,401.491,6.555,2,5,4,2,5,4,63.250
CN(C)CCN(C)C(=O)c1ccc2c(c1)/C(=C1/Nc3ccccc3C1=O)C(=O)N2,CHEMBL1165423,CHEMBL1165423,ChEMBL,29,390.443,2.292,2,7,5,2,4,2,81.750
Cc1cccc(-c2nn(O)cc2C2CCNCC2)c1,CHEMBL1091275,CHEMBL1091275,ChEMBL,19,257.337,2.563,2,4,4,2,2,2,50.080
N/C(=NO)c1cccc(CSCCNC(=O)c2c(Cl)cccc2Cl)c1,CHEMBL1165348,CHEMBL1165348,ChEMBL,25,398.315,3.751,4,5,4,3,7,2,87.710
C[C@]1(Cn2cc(C(=O)O)nn2)[C@H](C(=O)O)C2C(=O)CC2S1(=O)=O,CHEMBL1206590,CHEMBL1206590,ChEMBL,23,343.317,-1.178,2,10,8,2,4,1,156.520
CCCC(CCC)C(=O)OC(Cn1ccnc1)c1ccccc1,CHEMBL4116104,CHEMBL4116104,ChEMBL,23,314.429,4.384,0,4,4,0,9,2,44.120
[O-][S+](Cc1ccccc1-n1cccn1)c1nccn1-c1ccccn1,CHEMBL154997,CHEMBL154997,ChEMBL,25,349.419,2.761,0,6,6,0,5,4,71.590
Cc1ccccc1CNC(=O)Cc1c(C)noc1C,CHEMBL2094221,CHEMBL2094221,ChEMBL,19,258.321,2.459,1,4,3,1,4,2,55.130
O=S(=O)(c1cccc(F)c1)c1ccc2c(c1)CCC[C@H]2CN1CC(O)C1,CHEMBL1085658,CHEMBL1085658,ChEMBL,26,375.465,2.755,1,4,4,1,4,2,57.610
CCNN(CC(=O)N1CSC[C@H]1C#N)C1CCN(S(C)(=O)=O)CC1,CHEMBL1077836,CHEMBL1077836,ChEMBL,24,375.520,-0.338,1,8,7,1,6,0,96.750
CC#CCOC(=O)NCc1cc(-c2sc(-c3cccnc3)nc2COC)n[nH]1,CHEMBL1088641,CHEMBL1088641,ChEMBL,28,397.460,2.991,2,8,7,2,7,3,102.020
CC(Oc1cccc2ccccc12)C(=O)OC1CC2CCC(C1)N2C,CHEMBL1161611,CHEMBL1161611,ChEMBL,25,339.435,3.776,0,4,4,0,4,2,38.770
CN1CCC[C@@H]1Cc1c[nH]c2ccc(NS(=O)(=O)c3ccc(OC(F)(F)F)cc3)cc12,CHEMBL606548,CHEMBL606548,ChEMBL,31,453.486,4.504,2,6,4,2,6,3,74.430
O=c1[nH]c2cnc(-n3cnc4ccccc43)nc2n1C1CCOc2ccc(Cl)cc21,CHEMBL1076221,CHEMBL1076221,ChEMBL,30,418.844,3.484,1,8,7,1,2,5,90.620
C[C@@H](O)C1=C[C@@H](n2cnc3c(N)nccc32)[C@H](O)[C@@H]1O,CHEMBL155896,CHEMBL155896,ChEMBL,20,276.296,-0.403,5,7,7,4,2,2,117.420
Cc1ccc(-c2cc(-c3ccccc3)nc(NC(=O)CN3CCOCC3)n2)cc1,CHEMBL1097634,CHEMBL1097634,ChEMBL,29,388.471,3.390,1,6,5,1,5,3,67.350
O=S(=O)(NCC(c1ccccc1)N1CCCCC1)c1ccc(Cl)cc1,CHEMBL1209290,CHEMBL1209290,ChEMBL,25,378.925,3.846,1,4,3,1,6,2,49.410
CC(C)CNC(=O)c1cc(S(N)(=O)=O)ccc1SC(C)C,CHEMBL1096822,CHEMBL1096822,ChEMBL,21,330.475,2.220,3,5,4,2,6,1,89.260
Cn1ncc2c1CCc1c-2c2c(c3c4cc(C5CCCCO5)ccc4n(C)c13)CNC2=O,CHEMBL1082437,CHEMBL1082437,ChEMBL,32,426.520,4.316,1,6,5,1,1,4,61.080
CC(C)(O)[C@H]1CC=C(C(=O)OC[C@H]2O[C@@H](O)[C@H](O)[C@@H](O)[C@@H]2O)CC1,CHEMBL1077609,CHEMBL1077609,ChEMBL,24,346.376,-1.173,5,8,8,5,4,0,136.680
Cc1ccc(Cn2nc(OC(C(=O)O)C(=O)O)c3ccccc32)cc1,CHEMBL1088978,CHEMBL1088978,ChEMBL,25,340.335,2.310,2,7,5,2,6,3,101.650
CN1CCC(N(C)C(=O)C2CN(S(=O)(=O)c3ccc(-c4ccccc4)cc3)c3ccccc32)CC1,CHEMBL1084482,CHEMBL1084482,ChEMBL,35,489.641,4.199,0,6,4,0,5,3,60.930
O=C(C[C@@H]1C/C=CCCCC(=O)O[C@H](c2ccccc2)CNC1=O)NCc1ccc(Cl)cc1,CHEMBL1088172,CHEMBL1088172,ChEMBL,33,468.981,4.493,2,6,4,2,5,2,84.500
Cc1[nH]c2nc(N)[nH]c(=O)c2c1Sc1nccn1C,CHEMBL1096263,CHEMBL1096263,ChEMBL,19,276.325,1.027,4,7,6,3,2,3,105.380
CN(C)CC(O)CCN1c2ccccc2N(c2ccccc2)S1(=O)=O,CHEMBL1086220,CHEMBL1086220,ChEMBL,25,361.467,2.202,1,6,4,1,6,2,64.090
O=C(CCc1ccccc1O)CC(O)Cc1ccccc1,CHEMBL1097664,CHEMBL1097664,ChEMBL,21,284.355,2.888,2,3,3,2,7,2,57.530
COc1cc(O)c2c(c1)[C@@H](O)[C@H](C[C@H](O)[C@H](O)[C@@H](O)/C=C/C[C@H](C)O)OC2=O,CHEMBL1099227,CHEMBL1099227,ChEMBL,28,398.408,-0.227,6,9,9,6,8,1,156.910
COc1ccccc1NC(=S)N/N=C/c1ccc2ccccc2n1,CHEMBL1094608,CHEMBL1094608,ChEMBL,24,336.420,3.564,2,5,4,2,4,3,58.540
COC(=O)c1cc2cc(NC(=O)c3ccc4[nH]ccc4c3)cnc2[nH]1,CHEMBL3347277,CHEMBL3347277,ChEMBL,25,334.335,3.083,3,7,4,3,3,4,99.870
CCCCCCCCCCCCCCOc1ccc(C(=O)NCc2cccc[n+]2C)cc1,CHEMBL154993,CHEMBL154993,ChEMBL,32,439.664,6.521,1,4,2,1,17,2,42.210
Cc1ccccc1Nc1nc(NCc2ccco2)c2ccccc2n1,CHEMBL603154,CHEMBL603154,ChEMBL,25,330.391,4.887,2,5,5,2,5,4,62.980
Cc1ccc(Nc2cc(C)nc(N3CCN(C(=O)Nc4cccc(Cl)c4)CC3)n2)cc1,CHEMBL601104,CHEMBL601104,ChEMBL,31,436.947,4.845,2,7,5,2,4,3,73.390
CCC(CC)COc1nc(N)c2ncn(C3O[C@@H](CO)[C@H](O)[C@@H]3O)c2n1,CHEMBL604009,CHEMBL604009,ChEMBL,26,367.406,-0.165,5,10,10,4,7,2,148.770
CC(=O)Nc1sc(C)c(C)c1N=Nc1ccc(S(=O)(=O)O)cc1,CHEMBL601115,CHEMBL601115,ChEMBL,23,353.425,3.985,2,7,6,2,4,2,108.190
O=C(/C=C/c1ccccc1)c1cc2ccccc2s1,CHEMBL1092453,CHEMBL1092453,ChEMBL,19,264.349,4.797,0,1,2,0,3,3,17.070
O=C(CCc1ccccc1)N(O)CCCP(=O)(O)O,CHEMBL607490,CHEMBL607490,ChEMBL,19,287.252,1.405,3,6,3,3,7,1,98.070
CCc1nc(C)c2c(OC3CCCC3)nc3ccc(OC)nc3n12,CHEMBL1086459,CHEMBL1086459,ChEMBL,24,326.400,3.478,0,6,6,0,4,3,61.540
Cc1cccc(C)c1NC(=O)CNC(=O)C1=CC(C)(C)N([O])C1(C)C,CHEMBL607364,CHEMBL607364,ChEMBL,25,344.435,2.503,2,6,3,2,4,1,81.340
CC(=O)Nc1cc(O)ccc1/C=C/c1ccc(O)cc1,CHEMBL1087095,CHEMBL1087095,ChEMBL,20,269.300,3.227,3,4,3,3,3,2,69.560
COc1cc(C(=O)N(O)CCOC(=O)[C@@H](N)CCSC)ccc1O,CHEMBL1161567,CHEMBL1161567,ChEMBL,24,358.416,0.856,4,8,8,3,9,1,122.320
CC(C)=C(c1ccncc1)c1ccc(-c2cccc(NC(=O)OC(C)(C)C)c2)cc1,CHEMBL1173726,CHEMBL1173726,ChEMBL,30,400.522,6.937,1,4,3,1,4,3,51.220
COc1ccc(/C=C/c2ccc(N)cc2)c(OC)c1,CHEMBL1170662,CHEMBL1170662,ChEMBL,19,255.317,3.456,2,3,3,1,4,2,44.480
CC[C@H](C)[C@H](N)C(=O)NS(=O)(=O)OC[C@H]1O[C@@H](n2cnc3c(N)ncnc32)[C@H](O)[C@@H]1O,CHEMBL1163069,CHEMBL1163069,ChEMBL,31,459.485,-2.221,7,14,13,5,8,2,217.800
CC1=C(CCC(C)C)C(=O)c2ccccc2C1=O,CHEMBL155780,CHEMBL155780,ChEMBL,18,242.318,3.818,0,2,2,0,3,1,34.140
COC(=O)C1=C(C)Nc2n[nH]c(C)c2C1c1cccc(O)c1,CHEMBL1171111,CHEMBL1171111,ChEMBL,22,299.330,2.428,3,6,5,3,2,2,87.240
CN(C)c1cc[n+](Cc2c(Cl)cccc2Cl)cc1,CHEMBL1198407,CHEMBL1198407,ChEMBL,18,282.194,3.395,0,2,1,0,3,2,7.120
O=C(N/N=C/c1ccc(-c2ccccc2)cc1)c1cnccn1,CHEMBL1171068,CHEMBL1171068,ChEMBL,23,302.337,2.908,1,5,4,1,4,3,67.240
C[C@H]1CC[C@@]2(OC1)O[C@H]1C[C@H]3[C@@H]4CC[C@@H]5C[C@@H](O)CC[C@]5(C)[C@H]4CC[C@]3(C)[C@H]1[C@@H]2C,CHEMBL1171146,CHEMBL1171146,ChEMBL,30,416.646,5.794,1,3,3,1,0,0,38.690
CCOc1ccc2c(c1)O/C(=Cc1cc[n+](Cc3cccc(F)c3)cc1)C2=O,CHEMBL1229162,CHEMBL1229162,ChEMBL,28,376.407,4.176,0,4,3,0,5,3,39.410
C[N+](C)(C)CC(=O)Nc1ccc2nc(O)c3ccccc3c2c1,CHEMBL1183295,CHEMBL1183295,ChEMBL,23,310.377,2.738,2,5,3,2,3,3,62.220
N#C[C@H]1CSCN1C(=O)CN(N)C1CCN(CC(=O)Nc2ccc(Cl)cn2)CC1,CHEMBL1199236,CHEMBL1199236,ChEMBL,29,437.957,0.739,3,9,8,2,6,1,118.590
CN(C)c1ncnc2c1ncn2CCCCCOC(=O)CCN,CHEMBL1160741,CHEMBL1160741,ChEMBL,23,320.397,0.955,2,8,8,1,9,2,99.160
COc1c(O)cc(C(=O)O)cc1OS(=O)(=O)O,CHEMBL1162209,CHEMBL1162209,ChEMBL,17,264.211,0.281,3,8,6,3,4,1,130.360
CCCCCCCCC/C=C/CCCCCCCC(=O)OC[C@@H](O)COP(=O)(O)O,CHEMBL1162315,CHEMBL1162315,ChEMBL,30,450.553,5.427,3,7,5,3,21,0,113.290
CCOC(=O)C(=O)Oc1ccc(-c2c(C(=O)OCC)oc3cc(O)cc(O)c3c2=O)cc1,CHEMBL1202061,CHEMBL1202061,ChEMBL,32,442.376,2.516,2,10,10,2,5,3,149.570
CC(C)=CCC/C(C)=C/CC[C@@]1(C)C=Cc2c(cc(C)c(C(=O)O)c2O)O1,CHEMBL1171643,CHEMBL1171643,ChEMBL,27,370.489,6.036,2,4,3,2,7,1,66.760
C[n+]1c2cc(Cl)c(Cl)cc2cc2[nH]c3ccccc3c21,CHEMBL1184808,CHEMBL1184808,ChEMBL,20,302.184,4.606,1,2,0,1,0,4,19.670
CC[C@@H](CO)NC(=O)[C@@H]1C=C2c3cccc4[nH]cc(c34)C[C@H]2N(C)C1,CHEMBL1201356,CHEMBL1201356,ChEMBL,25,339.439,1.925,3,5,3,3,4,2,68.360
CC(C)Oc1ccccc1N1CCN(Cc2cccc(CN3C(=O)CCC3=O)c2)CC1,CHEMBL1161119,CHEMBL1161119,ChEMBL,31,421.541,3.445,0,6,5,0,7,2,53.090
Oc1ccc(-c2ccc3c(c2)CCC=C3c2ccncc2)cc1O,CHEMBL1187868,CHEMBL1187868,ChEMBL,24,315.372,4.538,2,3,3,2,2,3,53.350
Cc1cc(C(C)C)[n+](-c2cc[nH]n2)c(C(C)C)c1,CHEMBL1184569,CHEMBL1184569,ChEMBL,18,244.362,3.242,1,3,1,1,3,2,32.560
CCCCCCCOc1ccc(C(=O)O)cc1,CHEMBL1161944,CHEMBL1161944,ChEMBL,17,236.311,3.734,1,3,2,1,8,1,46.530
CO[C@@H]1Cc2ccccc2[C@@]2(CCCN(Cc3ccccc3)C2)O1,CHEMBL1171366,CHEMBL1171366,ChEMBL,24,323.436,3.723,0,3,3,0,3,2,21.700
COc1c(N2C[C@@H]3CCCN[C@@H]3C2)c(F)cc2c(=O)c(C(=O)O)cn(C3CC3)c12,CHEMBL1200735,CHEMBL1200735,ChEMBL,29,401.438,2.371,2,7,6,2,4,2,83.800
CCOC(=O)c1c2[nH]c3ccccc3c2c(OC)c[n+]1C,CHEMBL1183461,CHEMBL1183461,ChEMBL,21,285.323,2.331,1,5,3,1,3,3,55.200
COc1ccc2nccc([C@@H](O)CN3CCC(NCC(=O)Nc4cc(F)cc(F)c4)CC3)c2n1,CHEMBL525672,CHEMBL525672,ChEMBL,34,471.508,2.643,3,8,7,3,8,3,99.610
CCOC(=O)CN1C(=O)CC[C@H](NC(=O)[C@@H](N)Cc2c[nH]c3ccccc23)C1=O,CHEMBL1199171,CHEMBL1199171,ChEMBL,29,400.435,0.235,4,9,6,3,7,2,134.590
FC(F)(F)c1cc(Nc2nccc(-c3cccnc3)n2)cc(C(F)(F)F)c1,CHEMBL1165741,CHEMBL1165741,ChEMBL,27,384.283,5.320,1,4,4,1,3,3,50.700
O=C(Nc1ccc(Oc2ccnc3[nH]c(=O)cnc23)cc1F)Nc1cc(C(F)(F)F)ccc1F,CHEMBL1214612,CHEMBL1214612,ChEMBL,34,477.349,5.051,3,8,5,3,4,4,109.000
CC(Nc1nc2c(S(=O)(=O)c3ccccc3)nnn2c2ccsc12)C12CC3CC(CC(C3)C1)C2,CHEMBL1173577,CHEMBL1173577,ChEMBL,34,493.658,5.189,1,7,8,1,5,4,89.250
CN1CCN(c2ccc(-c3cnc4c(c3)N(Cc3cc(F)ccc3F)CCN4)cn2)CC1,CHEMBL1165499,CHEMBL1165499,ChEMBL,32,436.510,3.606,1,6,6,1,4,3,47.530
NC(=O)c1cn(Cc2c(F)cccc2F)nn1,CHEMBL1201754,CHEMBL1201754,ChEMBL,17,238.197,0.703,2,5,4,1,3,2,73.800
CC(CCOC(=O)c1ccccc1)N(C)C,CHEMBL1186096,CHEMBL1186096,ChEMBL,16,221.300,2.184,0,3,3,0,5,1,29.540
Cc1cccc(N2CCN(CCCCCCN3CCN(c4cccc(C)c4)CC3)CC2)c1,CHEMBL1172204,CHEMBL1172204,ChEMBL,32,434.672,4.808,0,4,4,0,9,2,12.960
CCCc1nc(-c2ccccc2)c(CNCCCN2CCN(c3ccc(C)cc3)CC2)o1,CHEMBL1171953,CHEMBL1171953,ChEMBL,32,432.612,4.904,1,5,5,1,10,3,44.540
Nc1ncnc(=O)n1C[C@H]1COP(=O)(O)CO1,CHEMBL1162464,CHEMBL1162464,ChEMBL,17,262.162,-1.221,3,9,8,2,2,1,129.560
COCCOCCOCC[N+]1(C)CCCC1COCCOCCOC,CHEMBL1185515,CHEMBL1185515,ChEMBL,25,364.503,0.955,0,7,6,0,17,0,55.380
O=C(NCCCN1CCCC1)c1ccc2c(c1)C(=O)N(Cc1ccc(Cl)cc1)C2=O,CHEMBL1196830,CHEMBL1196830,ChEMBL,30,425.916,3.352,1,6,4,1,7,2,69.720
NCc1cccc(CNC(=O)CI)c1,CHEMBL1185068,CHEMBL1185068,ChEMBL,14,304.131,1.197,3,3,2,2,4,1,55.120
CN(C)CCCOc1nonc1-c1c[nH]cn1,CHEMBL1186606,CHEMBL1186606,ChEMBL,17,237.263,0.790,1,7,6,1,6,2,80.070
CC(C(=O)OC1CC2CCC(C1)N2)c1ccc(Br)cc1,CHEMBL1160154,CHEMBL1160154,ChEMBL,20,338.245,3.379,1,3,3,1,3,1,38.330
N=C(N)c1ccc(CNC(=O)[C@@H]2CCCN2C(=O)[C@H](N)C(c2ccccc2)c2ccccc2)cc1,CHEMBL1159694,CHEMBL1159694,ChEMBL,35,469.589,2.737,6,7,4,4,8,3,125.300
CCCCc1cc(-c2ccccc2)cc(-c2ccccc2)[n+]1-c1ncc[nH]1,CHEMBL1185598,CHEMBL1185598,ChEMBL,27,354.477,5.363,1,3,1,1,6,4,32.560
CN1CC2CC1CN2CCOC(c1ccc(F)cc1)c1ccc(F)cc1,CHEMBL1202021,CHEMBL1202021,ChEMBL,26,358.432,3.459,0,3,3,0,6,2,15.710
Cc1[nH]c(/C=C2C(=O)Nc3ccc(F)cc32)c(C)c1NC(=O)C1CCNCC1,CHEMBL4116141,CHEMBL4116141,ChEMBL,28,382.439,3.201,4,6,3,4,3,2,86.020
COC(=O)c1ccc(COC(=O)C2CC=NN2C(=O)C[C@H](N)Cc2cc(F)c(F)cc2F)cc1,CHEMBL1186159,CHEMBL1186159,ChEMBL,34,477.439,2.481,2,8,7,1,8,2,111.290
O=C1CCON1CC#CCN1CCCCC1,CHEMBL1185211,CHEMBL1185211,ChEMBL,16,222.288,0.640,0,4,3,0,2,0,32.780
CN1CCC2(CC1)OC(=S)N(C(C)(C)C)C2=O,CHEMBL1195116,CHEMBL1195116,ChEMBL,17,256.371,1.393,0,4,4,0,0,0,32.780
Nc1cncc(-c2ccccc2O[C@H]2C[C@@H]3CNC[C@H]2C3)c1,CHEMBL1229187,CHEMBL1229187,ChEMBL,22,295.386,2.708,3,4,4,2,3,2,60.170
CC(=O)CCC(=O)Nc1ccc2c(Cl)c(OCCSC(=N)N)oc(=O)c2c1,CHEMBL1159835,CHEMBL1159835,ChEMBL,27,411.867,2.760,4,8,7,3,8,2,135.480
Cc1ccc2oc(=O)c3c(O)c4cccc(O[C@H]5O[C@H](C)[C@H](O)[C@H](O)[C@H]5O)c4c4oc(=O)c1c2c34,CHEMBL1159639,CHEMBL1159639,ChEMBL,35,480.425,1.864,4,10,10,4,2,5,159.800
CC(C)(C)c1cc(Cn2cc(C(=O)NCCNC(=N)N)nn2)cc(C(C)(C)C)c1,CHEMBL4116148,CHEMBL4116148,ChEMBL,29,399.543,2.134,5,8,5,4,6,2,121.710
CC(=O)c1cccc(-c2cccc(NC3=NCCN3)c2C)c1,CHEMBL1190414,CHEMBL1190414,ChEMBL,22,293.370,3.236,2,4,4,2,3,2,53.490
COc1cccc(OC)c1C/N=C(N)c1cc2cc(F)ccc2[nH]1,CHEMBL1189498,CHEMBL1189498,ChEMBL,24,327.359,3.230,3,5,3,2,5,3,72.630
CCN(CCCl)CCNc1c2ccccc2nc2ccc(OC)cc12,CHEMBL1188172,CHEMBL1188172,ChEMBL,25,357.885,4.369,1,4,4,1,8,3,37.390
C[C@H](N)Cc1c2c(c(C(F)(F)F)c3c1OCC3)OCC2,CHEMBL1182827,CHEMBL1182827,ChEMBL,20,287.281,2.465,2,3,3,1,2,1,44.480
COc1ccc(/C=N/NC(=O)Nc2cccc3ccccc23)cc1,CHEMBL1171794,CHEMBL1171794,ChEMBL,24,319.364,4.004,2,5,3,2,4,3,62.720
CNCCCO/N=C1CC[C@@]2(C)[C@H](C1)/C(=N/OC)C[C@H]1[C@@H]3CCC(=O)[C@@]3(C)CC[C@@H]12,CHEMBL1200037,CHEMBL1200037,ChEMBL,30,417.594,4.193,1,6,6,1,6,0,72.280
CN1C(=O)CCS(=O)(=O)C1c1ccc(Cl)cc1,CHEMBL1200714,CHEMBL1200714,ChEMBL,17,273.741,1.616,0,4,3,0,1,1,54.450
CCc1ccsc1C(=NOCCN1CCC[C@@H](C(=O)O)C1)c1sccc1CC,CHEMBL1195488,CHEMBL1195488,ChEMBL,28,420.600,4.500,1,5,6,1,9,2,62.130
N#C[C@@H]1CSCN1C(=O)CN(N)C1CCN(CCCNC2CC2=O)CC1,CHEMBL1198802,CHEMBL1198802,ChEMBL,26,380.518,-0.627,3,8,8,2,8,0,105.700
C(=C/c1ccccc1)CN1CCN(CCCCCCn2c3ccccc3c3ccccc32)CC1,CHEMBL1186245,CHEMBL1186245,ChEMBL,34,451.658,6.686,0,3,3,0,10,4,11.410
O=[N+]([O-])c1cc2c(cc1CCCCc1sc(Nc3ccccc3)n[n+]1-c1ccccc1)OCO2,CHEMBL1185377,CHEMBL1185377,ChEMBL,34,475.550,5.366,1,8,7,1,9,4,90.400
CN1CCN(C[C@@H](c2cccc(OC(F)(F)F)c2)C2(O)CCCCC2)CC1,CHEMBL1187616,CHEMBL1187616,ChEMBL,27,386.458,3.611,1,4,4,1,5,1,35.940
NC(=O)[C@H]1NCC[C@@H]1NC(=O)[C@@H](N)CCC/N=C(N)N[N+](=O)[O-],CHEMBL1185027,CHEMBL1185027,ChEMBL,23,330.349,-3.478,9,12,7,6,8,0,203.790
CC(C)NC[C@@H](O)Cn1c2c(c3ccccc31)CCc1c-2cnn1-c1ccccc1,CHEMBL1162109,CHEMBL1162109,ChEMBL,30,400.526,3.952,2,5,5,2,6,4,55.010
O=C1C(NCc2ccc3c(c2)OCO3)=CC2=NCCc3c[nH]c1c32,CHEMBL1162123,CHEMBL1162123,ChEMBL,24,321.336,1.959,2,6,5,2,3,2,75.710
CNc1ccnc2c1ncn2[C@@H]1O[C@H](CO)[C@](O)(CO)[C@H]1O,CHEMBL1172235,CHEMBL1172235,ChEMBL,22,310.310,-1.553,5,9,9,5,4,2,132.890
CC(C)=CCC/C(C)=C/CC/C(C)=C/CC/C(C)=C/C[n+]1cnc2c(ncn2C)c1N,CHEMBL1182365,CHEMBL1182365,ChEMBL,31,422.641,5.984,2,5,4,1,11,2,60.610
Clc1cccc(Cl)c1C[n+]1ccc2ccccc2c1,CHEMBL1187879,CHEMBL1187879,ChEMBL,19,289.185,4.482,0,1,0,0,2,3,3.880
CCCN(Cc1cccc(CN(CCC)C(=N)N)n1)C(=N)N,CHEMBL1180192,CHEMBL1180192,ChEMBL,22,305.430,1.293,6,7,3,4,8,1,119.110
Fc1ccc([C@@H]2CCNC[C@H]2COc2ccc3c(c2)OCO3)cc1,CHEMBL1200609,CHEMBL1200609,ChEMBL,24,329.371,3.327,1,4,4,1,4,2,39.720
Cc1c2c(c(CCCCCN)c3c1Oc1ccccc1O3)C(=O)OC2,CHEMBL1184883,CHEMBL1184883,ChEMBL,25,339.391,4.235,2,5,5,1,5,2,70.780
N/C(=NO)c1ccc(-c2cnc(-c3ccc(/C(N)=NO)nc3)s2)cn1,CHEMBL1199124,CHEMBL1199124,ChEMBL,25,355.383,1.456,6,9,8,4,4,3,155.890
CC[S+]1CCCC1CNC(=O)c1cc(S(N)(=O)=O)ccc1OC,CHEMBL1181431,CHEMBL1181431,ChEMBL,23,359.493,0.873,3,6,4,2,6,1,98.490
CCOC(=O)C1(O)CC(c2ccc(Br)cc2)C2=C(CC(C)(C)CC2=O)O1,CHEMBL1165530,CHEMBL1165530,ChEMBL,26,423.303,3.848,1,5,5,1,3,1,72.830
COC(=O)[C@H](CCSC)NC(=O)[C@@H]1C[C@H](Oc2ccccc2)CN1C(=O)CCC[C@@H](N)CS,CHEMBL1183536,CHEMBL1183536,ChEMBL,33,497.683,1.873,3,8,8,3,13,1,110.960
NCCc1cnc(S)n1[C@H]1CCc2c(F)cc(F)cc2C1,CHEMBL1188474,CHEMBL1188474,ChEMBL,21,309.385,2.681,2,3,4,2,3,2,43.840
O=P1(N2CC[N+]3(CCc4ccccc4C3)CC2)NCCCO1,CHEMBL1184897,CHEMBL1184897,ChEMBL,22,322.369,1.993,1,5,2,1,1,1,41.570
Nc1ccn([C@@H]2O[C@H](COP(=O)(O)O)[C@H]3O[C@@H](Cc4ccccc4)O[C@H]32)c(=O)n1,CHEMBL1162204,CHEMBL1162204,ChEMBL,29,425.334,0.185,4,11,9,3,6,2,155.360
COc1cccc(CN2CCN(Cc3cc4ccccc4o3)CC2)c1,CHEMBL1214894,CHEMBL1214894,ChEMBL,25,336.435,3.759,0,4,4,0,5,3,28.850
Cc1ccc(-n2cncn2)c(CNC(=O)CN2C=CN=C(NCC(F)(F)c3ccccn3)C2)c1,CHEMBL1201843,CHEMBL1201843,ChEMBL,34,466.496,2.154,2,9,8,2,8,3,100.330
CC[C@H]1CCN2CCCC[C@@H]2[C@H]1c1ccc(Cl)c(Cl)c1,CHEMBL1187952,CHEMBL1187952,ChEMBL,20,312.284,5.361,0,1,1,0,2,1,3.240
Cc1cc2nc(O)c3ccccc3c2cc1NC(=O)C[N+](C)(C)C,CHEMBL1183442,CHEMBL1183442,ChEMBL,24,324.404,3.047,2,5,3,2,3,3,62.220
COc1ccccc1N1CCN(CCc2ccc(C(=O)C(=O)N3CCCCC3)n2C)CC1,CHEMBL1199724,CHEMBL1199724,ChEMBL,32,438.572,2.594,0,7,6,0,7,2,58.020
COc1ccc(C2C=C(c3ccccc3)NC3=C2C(=O)CCC3)cc1,CHEMBL1165739,CHEMBL1165739,ChEMBL,25,331.415,4.430,1,3,3,1,3,2,38.330
CCCc1csc(SC2=C(C(=O)O)N3C(=O)[C@H]([C@@H](C)O)[C@H]3[C@H]2C)n1,CHEMBL1160680,CHEMBL1160680,ChEMBL,24,368.480,2.341,2,6,6,2,6,1,90.730
COc1cccc2[nH]cc(CN3CCC(n4c(=O)[nH]c5ccccc54)CC3)c12,CHEMBL1200285,CHEMBL1200285,ChEMBL,28,376.460,3.657,2,6,4,2,4,4,66.050
NCCCO/N=C/c1cc(=O)[nH]c(=O)[nH]1,CHEMBL1229215,CHEMBL1229215,ChEMBL,15,212.209,-1.237,4,7,5,3,5,1,113.330
COc1cccc(NC(=O)Nc2ccc(C)c(-c3ccc(C(=O)Nc4ccncc4)cc3)c2)c1,CHEMBL582415,CHEMBL582415,ChEMBL,34,452.514,5.962,3,7,4,3,6,4,92.350
CC(=O)Oc1cc(/C=C/c2ccc([N+](=O)[O-])cc2)cc(OC(C)=O)c1,CHEMBL1172401,CHEMBL1172401,ChEMBL,25,341.319,3.616,0,7,6,0,5,2,95.740
c1cc2[nH]ncc2cc1NC1CCNCC1,CHEMBL1170714,CHEMBL1170714,ChEMBL,16,216.288,1.727,3,4,3,3,2,2,52.740
COC(=O)CN(C(C)=O)c1ccc(OC)c2nc(NC(=O)c3ccc(F)cc3)sc12,CHEMBL1171525,CHEMBL1171525,ChEMBL,30,431.445,3.222,1,8,7,1,6,3,97.830
CCOC(=O)Nc1c(-c2ccc([C@H](C)[C@H](N)C(=O)N3CC[C@H](F)C3)cc2)cn(C)c(=O)c1F,CHEMBL1185871,CHEMBL1185871,ChEMBL,33,462.497,2.761,3,8,6,2,6,2,106.660
CCCc1cc(O)c(C(=O)CCc2ccc3occc3c2)c(O[C@@H]2O[C@H](CO)[C@@H](O)[C@H](O)[C@H]2O)c1,CHEMBL1159637,CHEMBL1159637,ChEMBL,35,486.517,2.085,5,9,9,5,9,3,149.820
CCCNCCC[PH](c1ccccc1)(c1ccccc1)c1ccccc1,CHEMBL1199633,CHEMBL1199633,ChEMBL,26,363.485,4.103,1,1,1,1,9,3,12.030
Cc1ccnc(C2=CN(CCCCN3C(=O)c4ccccc4OC=C3Cl)CCC2)n1,CHEMBL1199671,CHEMBL1199671,ChEMBL,30,424.932,4.574,0,6,5,0,6,2,58.560
Cc1nc2cc(Nc3ccccc3[N+](=O)[O-])ccc2n1S(=O)(=O)c1ccccc1,CHEMBL1165619,CHEMBL1165619,ChEMBL,29,408.439,4.234,1,8,7,1,5,4,107.130
COc1ccc2cc3[n+](cc2c1OCCCCCC[n+]1ccccc1)CCc1cc2c(cc1-3)OCO2,CHEMBL1187398,CHEMBL1187398,ChEMBL,36,484.596,5.015,0,6,4,0,9,4,44.680
CN(Cc1ncc2ccccc2c1CNC(=O)[C@H]1CCCN1C)[C@H]1CCCc2cccnc21,CHEMBL1094870,CHEMBL1094870,ChEMBL,33,443.595,3.850,1,6,5,1,6,3,61.360
CC(C)N1CCC[C@@H]1C(=O)NC1C2CC3CC(C2)CC1C3,CHEMBL1095033,CHEMBL1095033,ChEMBL,21,290.451,2.800,1,3,2,1,3,0,32.340
CCO/N=C1C[C@H]2[C@@H]3CCC(=O)[C@@]3(C)CC[C@@H]2[C@@]2(C)CC/C(=NOCCN)C[C@H]12,CHEMBL1199618,CHEMBL1199618,ChEMBL,29,403.567,3.932,2,6,6,1,5,0,86.270
O=C(O)c1c(O)c(C2(c3ccccc3)CC2)nc2c3c(ccc12)CCCC3,CHEMBL1215806,CHEMBL1215806,ChEMBL,27,359.425,4.597,2,4,3,2,3,3,70.420
O=C1c2ccccc2C(=O)N1CCCOc1ccc(Cl)cc1,CHEMBL1215684,CHEMBL1215684,ChEMBL,22,315.756,3.405,0,4,3,0,5,2,46.610
NC(CC(=O)O)C(O)C(O)C(N)CC(=O)O,CHEMBL1187270,CHEMBL1187270,ChEMBL,16,236.224,-2.688,8,8,6,6,7,0,167.100
NNc1nnc(-c2cccc3ccccc23)s1,CHEMBL1187970,CHEMBL1187970,ChEMBL,17,242.307,2.644,3,4,5,2,2,3,63.830
CC(=O)O[C@@H]1C[C@H]2C(C)(C)C(=O)C=C[C@]2(C)[C@H]2CC[C@]3(C)C(=CC[C@H]3c3ccoc3)[C@]12C,CHEMBL1215753,CHEMBL1215753,ChEMBL,32,436.592,6.239,0,4,4,0,2,1,56.510
Nc1ccc2c(c1)sc1c(Nc3cccc(Br)c3)ncnc12,CHEMBL1189963,CHEMBL1189963,ChEMBL,22,371.263,4.933,3,4,5,2,2,4,63.830
CCn1c(/C=C/C=C2Sc3ccccc3N2C)[n+](CC)c2nc3ccccc3nc21,CHEMBL1183414,CHEMBL1183414,ChEMBL,30,414.558,5.009,0,5,5,0,4,4,37.830
CC(=O)N1C[C@H](O)C[C@H]1C(=O)NC(CCCN=C(N)N)C(=O)c1nccs1,CHEMBL1184248,CHEMBL1184248,ChEMBL,27,396.473,-1.154,6,10,7,4,8,1,164.000
N[C@@H](Cc1ccccc1)C(=O)N[C@H]1CCC(=O)N(CC(=O)O)C1=O,CHEMBL1199159,CHEMBL1199159,ChEMBL,24,333.344,-0.725,4,8,5,3,6,1,129.800
C[C@@H]1OC(=O)c2c(O)cc(OCc3ccccc3)cc2/C=CC[C@H](O)[C@H](O)C(=O)/C=C[C@H]1C,CHEMBL1095673,CHEMBL1095673,ChEMBL,33,452.503,3.417,3,7,7,3,3,2,113.290
O=C1CCC(=O)N1CCOc1ccc([C@@H]2Oc3cc(O)ccc3C3=C2c2ccc(O)cc2OCC3)cc1,CHEMBL1088337,CHEMBL1088337,ChEMBL,37,499.519,4.453,2,8,7,2,5,3,105.530
CCC(CC)C(=O)NCCc1ccc(S(N)(=O)=O)cc1,CHEMBL1082898,CHEMBL1082898,ChEMBL,20,298.408,1.429,3,5,3,2,7,1,89.260
COc1ccc2c(c1)OCCC1=C2[C@H](c2ccc(OCCN3CCCCC3)cc2)Oc2cc(O)ccc21,CHEMBL1088344,CHEMBL1088344,ChEMBL,37,499.607,6.093,1,6,6,1,6,3,60.390
O=C(O)COCCN1CCN([C@H](c2ccccc2)c2ccc(Cl)cc2)CC1,CHEMBL1201190,CHEMBL1201190,ChEMBL,27,388.895,3.148,1,5,4,1,8,2,53.010
C[N+]1=C2C(c3ccccc3)=[N+]([O-])c3ccccc3N2CCC1,CHEMBL1186335,CHEMBL1186335,ChEMBL,22,292.362,2.582,0,4,2,0,1,2,32.320
CNCCC[C@H](c1cccs1)c1cccc2[nH]ccc12,CHEMBL1186537,CHEMBL1186537,ChEMBL,20,284.428,4.361,2,2,2,2,6,3,27.820
N#Cc1cc(Cl)cc(Oc2cc(CC(=O)N3CCc4ccccc4C3)[nH]c(=O)c2Cl)c1,CHEMBL3347310,CHEMBL3347310,ChEMBL,31,454.313,4.473,1,6,4,1,4,3,86.190
O=P(O)(O)OC1O[C@H](CO)[C@H](O)[C@H](O)[C@H]1O,CHEMBL1159526,CHEMBL1159526,ChEMBL,16,260.135,-3.104,6,9,7,6,3,0,156.910
CCN1CCC(Nc2ccc3[nH]ncc3c2)CC1,CHEMBL1171705,CHEMBL1171705,ChEMBL,18,244.342,2.459,2,4,3,2,3,2,43.950
CN1CCN(/C(S)=N/c2c(Cl)cccc2Cl)CC1,CHEMBL1188857,CHEMBL1188857,ChEMBL,18,304.246,3.158,0,3,2,1,1,1,18.840
OC1CCc2cccc(Nc3ncc(-c4ccc(Cl)cc4)o3)c2C1,CHEMBL1172740,CHEMBL1172740,ChEMBL,24,340.810,4.588,2,4,4,2,3,3,58.290
FC(F)(F)c1ccccc1NCCN1CCCCC1,CHEMBL4116154,CHEMBL4116154,ChEMBL,19,272.314,3.603,1,2,2,1,4,1,15.270
CCOC(=O)C1=CNNN1C[C@@]1(C)[C@H](C(=O)O)C2C(=O)CC2S1(=O)=O,CHEMBL1207685,CHEMBL1207685,ChEMBL,25,373.387,-1.439,3,10,9,3,5,0,142.110
[O-][n+]1onc2ccc(COc3ccc(/C=N/NC(=S)Nc4ccccc4)cc3)cc21,CHEMBL3347315,CHEMBL3347315,ChEMBL,30,419.466,3.361,2,8,6,2,6,4,98.620
CCCCc1cc(OC2CCN(CCCS(=O)(=O)CC)CC2)c2ncccc2c1,CHEMBL4116155,CHEMBL4116155,ChEMBL,29,418.603,4.245,0,5,5,0,10,2,59.500
Cc1cn([C@H]2CO[C@@H](COC(=O)[C@H](N)C(C)C)O2)c(=O)[nH]c1=O,CHEMBL1186290,CHEMBL1186290,ChEMBL,23,327.337,-0.757,3,9,8,2,5,1,125.640
COc1ccc(-c2coc3cccc(OCC4CCCCC4)c3c2=O)c(OC)c1,CHEMBL1165801,CHEMBL1165801,ChEMBL,29,394.467,5.436,0,5,5,0,6,3,57.900
COc1ccc2oc(S(N)(=O)=O)cc2c1,CHEMBL162280,CHEMBL162280,ChEMBL,15,227.241,1.089,2,5,4,1,2,2,82.530
Cc1ccc2c(c1)[nH]c1ccc(C(F)(F)F)cc12,CHEMBL1170659,CHEMBL1170659,ChEMBL,18,249.235,4.648,1,1,0,1,0,3,15.790
O=S(=O)(/C=C/S(=O)(=O)c1ccccc1)CC1=NCCO1,CHEMBL1172056,CHEMBL1172056,ChEMBL,20,315.372,0.775,0,6,6,0,5,1,89.870
CCCCC(Sc1nc(OCc2ccccc2)cc(OCc2ccccc2)n1)C(=O)O,CHEMBL1172222,CHEMBL1172222,ChEMBL,31,438.549,5.370,1,6,6,1,12,3,81.540
COc1cccc(N/N=C2C(=O)NN=C2c2cnccc2OC)c1,CHEMBL1076755,CHEMBL1076755,ChEMBL,24,325.328,1.401,2,8,7,2,5,2,97.200
NCCN(C(=O)c1cc(Cl)cc(Cl)c1)c1ccc(Cl)cc1,CHEMBL4116133,CHEMBL4116133,ChEMBL,21,343.641,4.252,2,3,2,1,4,2,46.330
C[n+]1c2ccccc2c(NCCN2CCOCC2)c2oc3ccc(OCCC[N+](C)(C)C)cc3c21,CHEMBL4116135,CHEMBL4116135,ChEMBL,35,478.637,3.783,1,7,5,1,9,4,50.750
Cc1cc(CNC(=N)/N=C(/N)S)c(C)cc1CNC(=N)CC(=N)S,CHEMBL1160541,CHEMBL1160541,ChEMBL,24,365.532,1.936,7,7,3,8,6,1,133.990
CNC(=O)c1ccc(CN2CCN(c3ccccc3OC(C)C)CC2)n1C,CHEMBL1161048,CHEMBL1161048,ChEMBL,27,370.497,2.494,1,6,5,1,6,2,49.740
O=C(O)c1cccc(Oc2ncc(Cl)cc2NS(=O)(=O)c2ccc(Cl)c(Cl)c2)c1,CHEMBL1170828,CHEMBL1170828,ChEMBL,29,473.721,5.333,2,7,5,2,6,3,105.590
Cc1cccc2c1C(=O)N(CCCCn1ccnc1)C2=O,CHEMBL1188238,CHEMBL1188238,ChEMBL,21,283.331,2.268,0,5,4,0,5,2,55.200
C[C@H]1CN(c2nc3c(cc2F)c(=O)c(C(=O)O)cn3C(C)(C)C)C[C@@H]1N,CHEMBL1183203,CHEMBL1183203,ChEMBL,26,362.405,1.772,3,7,6,2,2,2,101.450
C[N+](CCCl)(CCCl)Cc1cc([N+](=O)[O-])cc([N+](=O)[O-])c1,CHEMBL1182846,CHEMBL1182846,ChEMBL,21,337.183,2.927,0,7,4,0,8,1,86.280
CC(C)NC(=N)c1ccc2nc(NC(=O)c3ccccc3)sc2c1,CHEMBL1186168,CHEMBL1186168,ChEMBL,24,338.436,3.872,3,5,4,3,4,3,77.870
Cc1[nH]c(=O)c(Br)c(Oc2cc(Cl)cc(C#N)c2)c1Cc1ccccc1,CHEMBL3347298,CHEMBL3347298,ChEMBL,26,429.701,5.354,1,4,3,1,4,3,65.880
CN(C)CCCOC(=O)c1cc2cc(-c3ccccc3)ccc2n1S(=O)(=O)Cc1ccccc1,CHEMBL586649,CHEMBL586649,ChEMBL,34,476.598,4.795,0,6,6,0,9,4,68.610
CC(C)/N=C1S/C(=Cc2ccc(O)c(Cl)c2)C(=O)N1CCC(=O)O,CHEMBL1099016,CHEMBL1099016,ChEMBL,24,368.842,3.201,2,6,5,2,5,1,90.200
O=C(O)CCc1c(/C=C2C(=O)Nc3ccc(Br)cc32)[nH]c2c1C(=O)CCC2,CHEMBL1214854,CHEMBL1214854,ChEMBL,27,429.270,3.806,3,6,3,3,4,2,99.260
N=C(N)Nc1ccc(Sc2ccc(N=C3NCCN3)cc2)cc1,CHEMBL1198796,CHEMBL1198796,ChEMBL,23,326.429,2.323,6,6,3,5,4,2,98.320
NCC1OB(O)c2c(OCCF)ccc(Br)c21,CHEMBL4116142,CHEMBL4116142,ChEMBL,17,303.924,0.515,3,4,4,2,4,1,64.710
Cc1ccc(C(=O)Oc2ccc(C(O)CNC(C)(C)C)cc2OC(=O)c2ccc(C)cc2)cc1,CHEMBL1201295,CHEMBL1201295,ChEMBL,34,461.558,5.163,2,6,6,2,7,3,84.860
C[N+](C)(C)CC(=O)NCC(=O)NCC[N+]1(C)CCOCC1,CHEMBL1184294,CHEMBL1184294,ChEMBL,21,302.419,-1.598,2,7,3,2,7,0,67.430
COc1ccc(F)cc1C1CC1CNCc1ccsc1OC,CHEMBL4116144,CHEMBL4116144,ChEMBL,22,321.417,3.798,1,3,4,1,7,2,30.490
CC1(C(N)C(=O)N2C(C#N)C[C@@H]3C[C@@H]32)CCCC1,CHEMBL1179567,CHEMBL1179567,ChEMBL,18,247.342,1.407,2,4,3,1,2,0,70.120
C[n+]1csc(COc2ccc(/C=N/NC(=O)c3ccc(N)cc3)cc2)c1,CHEMBL1186041,CHEMBL1186041,ChEMBL,26,367.454,2.498,3,6,5,2,6,3,80.590
Cc1cccc(CN(CC(C)C)C2CCNCC2)c1,CHEMBL1184967,CHEMBL1184967,ChEMBL,19,260.425,3.205,1,2,2,1,5,1,15.270
CCN1CCN(C(=O)c2cn(CC3CCCCC3)c3c(F)cccc23)CC1,CHEMBL3347302,CHEMBL3347302,ChEMBL,27,371.500,4.138,0,4,3,0,4,2,28.480
Clc1ccc(C(ON=C2CCCCC2)c2ccccc2)cc1,CHEMBL1094711,CHEMBL1094711,ChEMBL,22,313.828,5.766,0,2,2,0,4,2,21.590
Cc1cc([C@@H]2CC[C@H]3CCC2N3C)on1,CHEMBL607038,CHEMBL607038,ChEMBL,15,206.289,2.323,0,3,3,0,1,1,29.270
NC(=O)c1c(F)ccc(OCc2nc3ccc(Cl)cc3s2)c1F,CHEMBL1096673,CHEMBL1096673,ChEMBL,23,354.765,3.906,2,4,4,1,4,3,65.210
O=C(Nc1n[nH]c2ncc(Br)cc12)c1ccccc1C(F)(F)F,CHEMBL1170815,CHEMBL1170815,ChEMBL,23,385.143,3.992,2,5,3,2,2,3,70.670
O=C(N[C@H]1COC1=O)c1ccc(C(=O)Oc2ccccc2)cc1,CHEMBL1214443,CHEMBL1214443,ChEMBL,23,311.293,1.561,1,6,5,1,4,2,81.700
[N-]=[N+]=N[C@H]1C[C@H](CO)S[C@H]1n1cnc2c(Cl)ncnc21,CHEMBL156114,CHEMBL156114,ChEMBL,20,311.758,2.155,1,8,7,1,3,2,112.590
CN1c2ccc(OC(=O)Nc3ccccc3)cc2[C@]2(C)CC[N@@+](C)([O-])[C@H]12,CHEMBL1189522,CHEMBL1189522,ChEMBL,26,353.422,3.679,1,6,4,1,2,2,64.630
CCN1CCN(C(=O)c2cn(CC3CCCC3)c3c(OC)cccc23)CC1,CHEMBL3347320,CHEMBL3347320,ChEMBL,27,369.509,3.618,0,5,4,0,5,2,37.710
Clc1ccc(Cn2cc[n+](Cc3ccc(Cl)cc3)c2)cc1,CHEMBL1229036,CHEMBL1229036,ChEMBL,21,318.227,4.179,0,2,1,0,4,3,8.810
COc1cc2c(/C=C3/C(=O)N(C)c4ccc(O)cc43)c[nH]c2cc1C,CHEMBL1214724,CHEMBL1214724,ChEMBL,25,334.375,3.708,2,5,3,2,2,3,65.560
Cc1ccc(Nc2c3ccccc3[n+](C)c3c2oc2ccccc23)cc1C,CHEMBL4116166,CHEMBL4116166,ChEMBL,27,353.445,5.924,1,3,2,1,2,5,29.050
NC1CCc2c(c3cc(OCCc4ccc(O)cc4)ccc3n2CCCCCc2ccccn2)C1,CHEMBL1199062,CHEMBL1199062,ChEMBL,35,469.629,5.592,3,5,5,2,10,4,73.300
C[n+]1c(-c2ccc(/C=N/Nc3nc[nH]n3)cc2)cn2ccsc21,CHEMBL1189392,CHEMBL1189392,ChEMBL,23,324.393,2.056,2,7,6,2,4,4,74.250
NCc1ccnc(Oc2cccc(C(=O)N3C[C@@H](O)[C@H](F)C3)c2)c1,CHEMBL4116152,CHEMBL4116152,ChEMBL,24,331.347,1.487,3,6,5,2,4,2,88.680
NC(=O)c1cccc(Cn2ccnc2)c1,CHEMBL163819,CHEMBL163819,ChEMBL,15,201.229,1.030,2,4,3,1,3,2,60.910
O=C(O)c1cccc(OCc2cn3ccccc3n2)c1,CHEMBL1213147,CHEMBL1213147,ChEMBL,20,268.272,2.612,1,5,4,1,4,3,63.830
CC(=O)NCCCCC/C=C(NC(=O)C1CC1(C)C)C(=O)O,CHEMBL1178041,CHEMBL1178041,ChEMBL,22,310.394,1.814,3,6,3,3,9,0,95.500
CSc1cc(C(C)(C)C)cc(CN)c1O,CHEMBL1189651,CHEMBL1189651,ChEMBL,15,225.357,2.870,3,2,3,2,2,1,46.250
CN(C)CCC1(c2ccc(Cl)cc2)Cc2ccc3ccccc3c2C(=O)O1,CHEMBL1173106,CHEMBL1173106,ChEMBL,27,379.887,5.053,0,3,3,0,4,3,29.540
CC[C@@H](C)[C@H](N)C(=O)N[C@H]1CCC(=O)N(CC(=O)O)C1=O,CHEMBL1199367,CHEMBL1199367,ChEMBL,21,299.327,-0.922,4,8,5,3,6,0,129.800
FC(F)(F)c1ccccc1NCC12CC3CC(CC(C3)C1)C2,CHEMBL4116156,CHEMBL4116156,ChEMBL,22,309.375,5.334,1,1,1,1,3,1,12.030
Clc1ccc(-c2cc(C3CCN(CCc4ccccc4)CC3)[nH]n2)cc1,CHEMBL6416,CHEMBL6416,ChEMBL,26,365.908,5.152,1,3,2,1,5,3,31.920
Cc1ccc(Sc2cncc3sc(C(=O)Nc4ccc(Cl)cc4)cc23)cc1,CHEMBL6417,CHEMBL6417,ChEMBL,27,410.951,6.662,1,3,4,1,4,4,41.990
COC(=O)CC/C=CCC[C@H]1C(=O)C[C@@H](O)[C@@H]1/C=C/CC(C)(O)CCC1CCCCC1,CHEMBL6418,CHEMBL6418,ChEMBL,31,434.617,4.900,2,5,5,2,12,0,83.830
CN1Cc2c(C(=O)OC(C)(C)C)ncn2-c2ccc(N=[N+]=[N-])cc2C1=O,CHEMBL6421,CHEMBL6421,ChEMBL,26,354.370,3.355,0,9,6,0,2,2,113.190
Cc1ccc(-c2c(CN)c(CC(C)C)nc(C)c2C(=O)OC[C@H]2CC[C@H](C(=O)O)CC2)cc1,CHEMBL4116158,CHEMBL4116158,ChEMBL,33,452.595,5.070,3,6,5,2,8,2,102.510
CCc1ccc(C(=O)Nc2cccc(OC)c2)cc1,CHEMBL1213767,CHEMBL1213767,ChEMBL,19,255.317,3.510,1,3,2,1,4,2,38.330
NCCN(C(=O)c1ccc(Cl)cc1Cl)c1ccc(F)cc1,CHEMBL4116130,CHEMBL4116130,ChEMBL,21,327.186,3.738,2,3,2,1,4,2,46.330
Cc1sc(-c2ncc(C#N)cc2O)nc1CC(=O)NCCc1ccccn1,CHEMBL3309273,CHEMBL3309273,ChEMBL,27,379.445,2.387,2,7,7,2,6,3,111.790
NC(=O)c1cc(-c2ccc(Cl)cc2)nnc1Cl,CHEMBL6582,CHEMBL6582,ChEMBL,17,268.103,2.549,2,4,3,1,2,2,68.870
Cc1cnc(NS(=O)(=O)c2cccc3c(N(C)C)cccc23)cn1,CHEMBL6583,CHEMBL6583,ChEMBL,24,342.424,2.805,1,6,5,1,4,3,75.190
CN(C)/C=Nc1nc(/N=C/N(C)C)nc2ncc(Sc3ccc(Cl)c(Cl)c3)nc12,CHEMBL6584,CHEMBL6584,ChEMBL,29,449.371,4.321,0,8,7,0,6,3,82.760
COc1cccc2[nH]c3c(c12)CCNC3,CHEMBL6586,CHEMBL6586,ChEMBL,15,202.257,1.822,2,3,2,2,1,2,37.050
c1ccc(COc2noc3c2CNCC3)cc1,CHEMBL6587,CHEMBL6587,ChEMBL,17,230.267,1.899,1,4,4,1,3,2,47.290
COc1cc2c(c(OC)c1)C(=O)/C(=C/c1ccc(C(C)C)cc1)N2,CHEMBL1213854,CHEMBL1213854,ChEMBL,24,323.392,4.477,1,4,4,1,4,2,47.560
CN(C)C1=NC(c2ccc(Cl)cc2Cl)c2ccccc2C1,CHEMBL1195988,CHEMBL1195988,ChEMBL,21,319.235,4.599,0,2,2,0,1,2,15.600
CC[C@H](C)[C@@H](CO)NC(=O)/C=C/[C@@](C)(OC)[C@@H](O)[C@@H](C)C[C@H](O)CC,NPA000001,NPA000001,NPAtlas,25,359.507,1.629,4,6,5,4,12,0,99.020
C=C(C)[C@@H]1C[C@@]2(C)C(=CC1=O)CC[C@@H](OC(=O)[C@@H](C)[C@@H](O)/C=C/C=C/C(=O)O)[C@@H]2C,NPA000002,NPA000002,NPAtlas,30,416.514,3.620,2,6,5,2,7,0,100.900
O=Nc1[nH]c(O)c(-c2ccccc2)c1-c1ccc(O)c([N+](=O)[O-])c1,NPA000004,NPA000004,NPAtlas,24,325.280,4.066,3,8,6,3,4,3,128.820
C[C@@]1(CO)CCC[C@]2(C)[C@H]3C[C@@]45OC4[C@H](O)[C@]4(CO)OC4[C@]5(O)CC3=CC[C@@H]12,NPA000005,NPA000005,NPAtlas,28,392.492,0.905,4,6,6,4,2,0,105.980
COc1cccc2oc3cc4c(c(O)c3c(=O)c12)[C@@H]1C[C@@H](O)C[C@](C)(O4)O1,NPA000007,NPA000007,NPAtlas,27,370.357,2.981,2,7,7,2,1,3,98.360
CCC(=O)[C@H](C)[C@@H](O)[C@@H](C)C(=O)CC/C(C)=CCC(O)/C(C)=C/c1csc(C)n1,NPA000008,NPA000008,NPAtlas,29,421.603,4.514,2,5,6,2,12,1,87.490
COc1cc(C(=O)O)cc(=O)c(OC)c1O,NPA000009,NPA000009,NPAtlas,16,226.184,0.468,2,6,5,2,3,1,93.060
Cc1cc(O)c(CO)c2c1C(=O)Oc1c(C)c(O)c(O)c(C)c1O2,NPA000010,NPA000010,NPAtlas,24,332.308,2.546,4,7,7,4,1,2,116.450
O=c1oc(CO)cc2cc(O)c(CO)c(O)c12,NPA000011,NPA000011,NPAtlas,17,238.195,0.189,4,6,6,4,2,2,111.130
CC[C@@H](C)C[C@@H](C)/C=C/[C@@H]1C=C[C@@H](O)[C@@H]2O[C@]3(C)OC(=O)[C@]12C3O,NPA000012,NPA000012,NPAtlas,24,336.428,2.181,2,5,5,2,5,0,75.990
CC(=O)NC(Cc1ccc(OCC=C(C)C)cc1)C(=O)O,NPA000013,NPA000013,NPAtlas,21,291.347,2.163,2,5,3,2,7,1,75.630
CC(=O)/C(C)=C/C=C/C=C/C=C/C(C)=C/C1=C(C)C(=O)[C@H](C)C1,NPA000014,NPA000014,NPAtlas,23,310.437,5.062,0,2,2,0,6,0,34.140
CCCCCCCCCCCCC/C=C/CC/C=C(C)C(=O)NCCOC(C)=O,NPA000016,NPA000016,NPAtlas,29,407.639,6.650,1,4,3,1,19,0,55.400
COc1ccc(-c2cc3c(c(=O)o2)C[C@]2(O)[C@@]4(C)CCC(=O)C(C)(C)[C@]4(O)CC[C@@]2(C)O3)cc1,NPA000019,NPA000019,NPAtlas,34,468.546,3.660,2,7,7,2,2,2,106.200
C=C(C)c1nc(-c2nc(/C=C/C(OC)C(C)/C(=CC(=O)OC)OC)cs2)cs1,NPA000022,NPA000022,NPAtlas,28,420.556,4.667,0,6,8,0,9,2,70.540
CC(=O)OC[C@H]1O[C@H](Oc2ccc(O)c3c2C[C@@H](C)OC3=O)[C@H](O)[C@@H](O)[C@@H]1O,NPA000023,NPA000023,NPAtlas,28,398.364,-0.757,4,10,10,4,4,1,151.980
CCC(=O)O[C@@H]1[C@@H](O)CN[C@H]1Cc1ccc(OC)cc1,NPA000024,NPA000024,NPAtlas,20,279.336,0.892,2,5,5,2,5,1,67.790
COc1cc2oc3c(OC)c(-c4ccc(O)cc4)c(OC(C)=O)c(OC(C)=O)c3c2cc1OC,NPA000025,NPA000025,NPAtlas,34,466.442,4.835,1,9,9,1,6,4,113.660
CCCc1ccc(O)c(O)c1C(=O)NOC,NPA000028,NPA000028,NPAtlas,16,225.244,1.341,3,5,4,3,4,1,78.790
CC(C)/C=C/C=C/C(=O)NC1=CC(O)(CCC(N)=O)C=CC1=O,NPA000029,NPA000029,NPAtlas,23,318.373,0.890,4,6,4,3,7,0,109.490
C[C@]12CC[C@@H](O)[C@@](C)(CO)[C@@H]1[C@H](O)C[C@H]1C[C@@H]3C[C@@]12CC[C@]3(O)CO,NPA000030,NPA000030,NPAtlas,25,354.487,1.057,5,5,5,5,2,0,101.150
C=C[C@H]1CN2CC[C@H]1C[C@H]2[C@H](O)c1ccnc2ccc(OC)cc12,NPA000031,NPA000031,NPAtlas,24,324.424,3.173,1,4,4,1,4,2,45.590
CC(C)C[C@@H]1NC(=O)[C@H]2C[C@@H](O)CN2C1=O,NPA000032,NPA000032,NPAtlas,16,226.276,-0.507,2,5,3,2,2,0,69.640
CC(C)=CC[C@H]1O[C@]1(C)[C@H]1C[C@H](O)CC[C@]12CO2,NPA000034,NPA000034,NPAtlas,18,252.354,2.430,1,3,3,1,3,0,45.290
CNCC1OC(OC2C(N)CC(NC(=O)[C@@H](O)CCN)C(O)C2O)C(N)C(O)C1O,NPA000038,NPA000038,NPAtlas,30,437.494,-5.988,13,13,12,10,8,0,238.800
O=c1[nH]cnc2c([C@@H]3O[C@H](CO)[C@@H](O)[C@H]3O)[nH]nc12,NPA000039,NPA000039,NPAtlas,19,268.229,-2.200,5,9,7,5,2,2,144.350
COc1ccc(/C=C2/C(=O)N[C@@H](Cc3ccccc3)C(=O)N2C)cc1,NPA000042,NPA000042,NPAtlas,25,336.391,2.236,1,5,3,1,4,2,58.640
CC1(C)[C@@H](O)CC[C@]2(C)[C@@H](CO)[C@@](O)(CO)CC[C@@H]12,NPA000043,NPA000043,NPAtlas,19,272.385,0.915,4,4,4,4,2,0,80.920
COc1cc(O)c2c(c1O)[C@H]1OC[C@@H](C2=O)[C@@H]1CC(C)=O,NPA000044,NPA000044,NPAtlas,21,292.287,1.585,2,6,6,2,3,1,93.060
COc1cc(O)c2ccccc2c1N=O,NPA000045,NPA000045,NPAtlas,15,203.197,2.952,1,4,4,1,2,2,58.890
NC(=O)c1cn(CCO)c(Cc2ccccc2)cc1=O,NPA000048,NPA000048,NPAtlas,20,272.304,0.530,3,5,4,2,5,2,85.320
CCc1ccc2c(c1C(=O)OC)C(=O)c1c(c(O)c3c(O)ccc(O)c3c1O)C2=O,NPA000050,NPA000050,NPAtlas,30,408.362,2.787,4,8,8,4,2,3,141.360
C/C=C/C1=CC=C/C(=C2/C(=O)CNC2=O)O1,NPA000051,NPA000051,NPAtlas,16,217.224,0.986,1,4,3,1,1,0,55.400
COc1cccc2c1CO[C@@H]2C[C@@H](O)[C@@H](O)[C@H]1O[C@@H]1C,NPA000052,NPA000052,NPAtlas,20,280.320,1.166,2,5,5,2,5,1,71.450
CC(=O)N[C@H]1[C@@H](OC/C(C)=C2CC(C)(C)CC3C(C)CCC23)O[C@H](CO)[C@@H](O)[C@@H]1O,NPA000056,NPA000056,NPAtlas,30,425.566,1.745,4,7,6,4,5,0,108.250
CC(C)=CCc1c(O)ccc2c(=O)oc(C)cc12,NPA000057,NPA000057,NPAtlas,18,244.290,3.316,1,3,3,1,2,2,50.440
CC(C)=CCCC1(C)OC1CC/C(C)=C/COC[C@H]1O[C@@H](N2CCC(=O)NC2=O)[C@H](O)[C@@H]1O,NPA000059,NPA000059,NPAtlas,33,466.575,2.022,3,9,7,3,11,0,120.860
O=C1Oc2cc(O)ccc2/C1=Cc1ccc(O)cc1,NPA000060,NPA000060,NPAtlas,19,254.241,2.557,2,4,4,2,1,2,66.760
CC(CO)CCCC(C)C1=CCC(C)(O)C1CC1=C(O)C(O)CCC1=O,NPA000061,NPA000061,NPAtlas,26,366.498,3.045,4,5,5,4,8,0,97.990
CO[C@H]1O[C@@H](OC)[C@@]2(C)[C@H](OC(C)=O)C(C)(C)[C@@H]3[C@@H](O)C[C@@H](C)[C@H]1[C@@]32O,NPA000062,NPA000062,NPAtlas,26,372.458,1.304,2,7,7,2,3,0,94.450
CC(=O)C[C@@H]1CC(=O)[C@H](O)CC/C(C)=C[C@H]2C=C(C)[C@@H](C)[C@H]3[C@H](CC(C)C)NC(=O)[C@@]23C1=O,NPA000063,NPA000063,NPAtlas,33,457.611,3.570,2,6,5,2,4,0,100.540
COc1cc(O)cc(C)c1C(=O)O[C@@H]1[C@@H](CO)O[C@@H](n2ccc(=O)[nH]c2=O)[C@@H]1O,NPA000065,NPA000065,NPAtlas,29,408.363,-0.965,4,11,10,4,5,2,160.310
CO[C@@H]1C(=O)Nc2ccccc2[C@@]1(O)c1ccccc1,NPA000066,NPA000066,NPAtlas,20,269.300,1.890,2,4,3,2,2,2,58.560
COC(=O)[C@@H]1c2c(oc3cccc(O)c3c2=O)OC=C[C@@H]1O,NPA000067,NPA000067,NPAtlas,22,304.254,1.022,2,7,7,2,1,2,106.200
CC(=O)NC(C(=O)N(C)C(CC(C)C)C(=O)N/C=Cc1c(CC=C(C)C)[nH]c2ccccc12)C(C)C,NPA000068,NPA000068,NPAtlas,36,494.680,4.797,3,7,3,3,11,2,94.300
CCCCCC(=O)O[C@@H]1C=C2COC(=O)[C@]2(O)[C@]2(C)[C@@H]1C(C)(C)CC[C@H]2O,NPA000069,NPA000069,NPAtlas,27,380.481,2.510,2,6,6,2,5,0,93.060
CC(C)=CCOc1ccc(CCO)cc1,NPA000070,NPA000070,NPAtlas,15,206.285,2.566,1,2,2,1,5,1,29.460
CC(=O)OC[C@@]1(O)CC[C@]23C[C@H]1C[C@@H]2CC[C@@H]1[C@]3(C)CC[C@H]2O[C@@H](c3ccc(O)cc3)OC[C@]21C,NPA000071,NPA000071,NPAtlas,35,484.633,5.123,2,6,6,2,3,1,85.220
O=C1c2c(O)cc(CO)cc2C(=O)c2c(Cl)c(O)cc(O)c21,NPA000073,NPA000073,NPAtlas,22,320.684,1.724,4,6,6,4,1,2,115.060
CC1=C2CC[C@@]3(C)C/C=C(/C)CC(=O)C[C@@H](C)C[C@@H](OC1=O)[C@]23O,NPA000078,NPA000078,NPAtlas,24,332.440,3.485,1,4,4,1,0,0,63.600
C[C@H]([C@@H]1C[C@H](C(C)(C)C)C(=O)O1)[C@H]1CC[C@@]2(C)C3=C(CC[C@]12C)[C@@]1(C)CC[C@H](O)C(C)(C)[C@@H]1CC3,NPA000079,NPA000079,NPAtlas,35,484.765,7.711,1,3,3,1,2,0,46.530
C/C=C(C)/C=C(C)C(O)C(C)/C=C(C)/C=C/C/C(C)=C/Cc1[nH]c(OC)cc(=O)c1C,NPA000080,NPA000080,NPAtlas,31,425.613,5.983,2,4,3,2,10,1,62.320
CC1OC(=O)C[C@H](C)OC(=O)/C=C[C@@H](O)[C@H](C)OC(=O)/C=CC1O,NPA000081,NPA000081,NPAtlas,24,342.344,0.019,2,8,8,2,0,0,119.360
CC(=O)N1CC[C@]23c4ccccc4N[C@H]4N(C)c5cccc6c5[C@]42CCN([C@H]6C=C(C)C)[C@H]13,NPA000082,NPA000082,NPAtlas,33,440.591,4.369,1,5,4,1,1,2,38.820
CC(=O)C=CC1=C(C=CCO)C(=O)OC1,NPA000085,NPA000085,NPAtlas,15,208.213,0.533,1,4,4,1,4,0,63.600
C/C(=CCO)CC/C=C(C)CC/C=C(C)CC/C=C(C)COC(=O)/C=C/C(=O)O,NPA000086,NPA000086,NPAtlas,29,404.547,5.289,2,5,4,2,14,0,83.830
Cc1c2c(cc3c1C[C@@H](O)CC3)[C@]13CC[C@H]([C@H](C)[C@]4(OC(C)(C)[C@@H](C)[C@H]4O)O1)[C@@]3(C)C=C2,NPA000088,NPA000088,NPAtlas,32,438.608,4.651,2,4,4,2,0,1,58.920
COC(=O)C(O)(C[C@@H](O)C(=O)O)[C@@H]1Cc2c(oc3cc(C)cc(O)c3c2=O)S1,NPA000090,NPA000090,NPAtlas,28,410.400,0.564,4,9,9,4,5,2,154.500
CC(C)=CCC[C@@](C)(O)[C@@H]1CC[C@@](C)(O)[C@H]1C,NPA000091,NPA000091,NPAtlas,17,240.387,3.281,2,2,2,2,4,0,40.460
C/C=C/CC/C=C/c1c(O)cc(CC=C(C)C)c(O)c1C=O,NPA000092,NPA000092,NPAtlas,22,300.398,4.789,2,3,3,2,7,1,57.530
C=C1C(=O)[C@]2(OC)C(=O)O[C@@]34C[C@H](C)C(C(=O)O)=C[C@@H]3CCC[C@@H](C)[C@H](O)[C@@H](C)[C@H]1O[C@H]24,NPA000093,NPA000093,NPAtlas,32,448.512,2.044,2,8,7,2,2,0,119.360
CS[C@@]12C[C@@H]3[C@@H](O)C=C[C@H](O)[C@H]3N1C(=O)[C@]1(SC)C[C@@H]3[C@@H](O)C=C[C@H](O)[C@H]3N1C2=O,NPA000095,NPA000095,NPAtlas,30,454.570,-0.864,4,8,8,4,2,0,121.540
COc1cc(O)c2c(c1)C(=O)C1=C(C2=O)C(OC)OC(C)=C1,NPA000097,NPA000097,NPAtlas,22,302.282,1.983,1,6,6,1,2,1,82.060
CC(=O)CCCC[C@H](O)[C@@H]1CCC2=C(CC[C@H](O)C2=O)O1,NPA000098,NPA000098,NPAtlas,21,296.363,1.654,2,5,5,2,6,0,83.830
COc1cc(C2=CC(=O)[C@@](C)(c3ccc(O)c(OC)c3)C2=O)ccc1O,NPA000099,NPA000099,NPAtlas,26,354.358,2.608,2,6,6,2,4,2,93.060
C=C1C(=O)C[C@@H](O)[C@@H](C)C(=O)[C@@H](O)[C@H]2[C@@H]1CC2(C)C,NPA000100,NPA000100,NPAtlas,19,266.337,1.105,2,4,4,2,0,0,74.600
CC(CO)C1=C2[C@H]3C[C@H]4OC(O)(C=C4CO)[C@]3(C)CC[C@@]2(C)C=C1,NPA000101,NPA000101,NPAtlas,24,332.440,2.314,3,4,4,3,3,0,69.920
Cc1cc(O)c2c(c1O)C(=O)C(O)=C(O)C2=O,NPA000102,NPA000102,NPAtlas,17,236.179,1.113,4,6,6,4,0,1,115.060
CCCCCCCC(=O)O[C@@H]1[C@@H]2[C@H](CC1(C)C)[C@H](O)C1=C(Cl)C(=O)[C@@](O)(CO)[C@]12C,NPA000103,NPA000103,NPAtlas,30,442.980,3.101,3,6,6,3,8,0,104.060
CCCCC/C=C(C)C(=O)O[C@@]1(C)C(=O)C=C2C=C(C3=C(C)CC(O)CC3=O)OC=C2C1=O,NPA000104,NPA000104,NPAtlas,33,454.519,3.731,1,7,7,1,7,0,106.970
C/C1=C/CC/C(C(=O)O)=CCc2cc(ccc2O)OC(C)(C)[C@@H](O)CC1,NPA000106,NPA000106,NPAtlas,26,360.450,3.984,3,5,4,3,1,1,86.990
C=C[C@@]1(C)CC=C2[C@@H](CC[C@@H]3C(C)(C)[C@H](OC(=O)C(N)=O)CC[C@@]23C)C1,NPA000107,NPA000107,NPAtlas,26,359.510,4.149,2,4,3,1,2,0,69.390
Cc1cnc(-c2cc(O)ccc2O)c2c1[C@@H](O)CC2,NPA000112,NPA000112,NPAtlas,19,257.289,2.448,3,4,4,3,1,2,73.580
Cc1cc(O)c(C=O)c2c1C(=O)Oc1c(C)c(C(=O)O)c(O)c(CO)c1O2,NPA000114,NPA000114,NPAtlas,27,374.301,2.043,4,9,8,4,3,2,150.590
COc1ccc(-c2cc3c(c(=O)o2)C[C@@H]2[C@@]4(C)CC[C@H](O)C(C)(C)[C@@H]4CC[C@@]2(C)O3)cc1,NPA000117,NPA000117,NPAtlas,32,438.564,5.222,1,5,5,1,2,2,68.900
COc1c(Cl)cc2c(c1OC)N(C)C1N3C(=O)C4(C)SSC3(CC21O)C(=O)N4C,NPA000121,NPA000121,NPAtlas,29,457.961,1.833,1,8,8,1,2,1,82.550
CC[C@H](C)/C=C(C)C=CC1=CC2=C(Cl)C(=O)[C@@]3(C)OC4(O)C[C@H](C)OC(=O)[C@@H]4[C@H]3C2=CO1,NPA000124,NPA000124,NPAtlas,32,460.954,4.454,1,6,6,1,4,0,82.060
CC1(C)[C@@H](O)CC[C@]2(C)[C@@H](CO)[C@@H](CO)CC[C@@H]12,NPA000125,NPA000125,NPAtlas,18,256.386,1.801,3,3,3,3,2,0,60.690
C[C@H]1C[C@@H](C)C(=O)[C@@H]([C@H](O)CC2CC(=O)NC(=O)C2)C1,NPA000127,NPA000127,NPAtlas,20,281.352,1.041,2,5,4,2,3,0,83.470
C[C@@H]1CC(=O)C2=C(C1)C1OC1[C@]1(O)[C@H]2C(=O)c2cccc(O)c2[C@@H]1O,NPA000128,NPA000128,NPAtlas,25,342.347,1.046,3,6,6,3,0,1,107.360
O=C1C=C(CCC(=O)OCCc2ccccc2)CC1,NPA000129,NPA000129,NPAtlas,19,258.317,2.842,0,3,3,0,6,1,43.370
Cc1cc(O)cc(O)c1C(=O)O[C@@]1(C)C(=O)C2=C(C=C(/C=C/CO)OC2)C[C@H]1O,NPA000130,NPA000130,NPAtlas,29,402.399,1.415,4,8,8,4,4,1,133.520
COC(=O)c1ccc(O)c(NC(=O)CC[C@]2(C)C(=O)C[C@@H](O)[C@]34CC5C[C@H](O[C@@]5(C)C3)C24)c1O,NPA000131,NPA000131,NPAtlas,34,473.522,2.517,4,9,8,4,5,1,142.390
C/C(=CC(=O)O)c1ccc(CO)c(=O)o1,NPA000132,NPA000132,NPAtlas,15,210.185,0.620,2,5,4,2,3,1,87.740
COC(=O)c1cc(O)cc(OC)c1Oc1c(Cl)c(C)cc(O)c1C(=O)OC,NPA000133,NPA000133,NPAtlas,27,396.779,3.434,2,8,8,2,5,2,111.520
COc1cc2c(c(O)c1OC)C(=O)O[C@@H]1C[C@H](C[C@@H](C)O)O[C@H]21,NPA000134,NPA000134,NPAtlas,23,324.329,1.549,2,7,7,2,4,1,94.450
CC(C)(C=CC[C@@H](CO)[C@H]1CC[C@@]2(C)C3=C(CC[C@]12C)[C@@]1(C)CC[C@H](O)C(C)(C)[C@@H]1CC3)OO,NPA000136,NPA000136,NPAtlas,34,474.726,6.920,3,4,4,3,6,0,69.920
C[C@@H]1CCN2C[C@]34Cc5c([nH]c6ccccc56)C(C)(C)[C@@H]3C[C@]12C(=O)N4,NPA000137,NPA000137,NPAtlas,26,349.478,2.971,2,4,2,2,0,2,48.130
C=C(C(=O)O)C(CCCCCC(=O)OCC)C(=O)O,NPA000140,NPA000140,NPAtlas,19,272.297,1.842,2,6,4,2,10,0,100.900
C=C(COC(C)=O)[C@@]12O[C@@H]1[C@@]1(C)C(=C[C@H]2O)C=C[C@@H](O)[C@@H]1C,NPA000142,NPA000142,NPAtlas,22,306.358,1.117,2,5,5,2,3,0,79.290
C=C=CCOc1ccc(CO[C@@H]2O[C@H](CO)[C@@H](O)[C@H](O)[C@@H]2O)cc1,NPA000143,NPA000143,NPAtlas,24,338.356,-0.277,4,7,7,4,7,1,108.610
CC(=O)OCC1=CC(=O)C2(C(/C=C(C)/C=C/C=C(C)CCC=C(C)C)OC(C)=O)OC2C1=O,NPA000145,NPA000145,NPAtlas,33,456.535,3.892,0,7,7,0,10,0,99.270
C[C@H]1CC[C@H]2[C@@H](C=C[C@@H]3COC(=O)[C@@]32C)[C@@H]1O,NPA000146,NPA000146,NPAtlas,17,236.311,1.759,1,3,3,1,0,0,46.530
CC(C)=CCc1c(OC(=O)c2c(C)cc(O)cc2O)cc2c(c1O)CN(C(CC(C)C)C(=O)O)C2=O,NPA000147,NPA000147,NPAtlas,36,497.544,4.295,4,9,7,4,8,2,144.600
NC(CCCCNC(=O)Cc1c[nH]c2ccccc12)C(=O)O,NPA000148,NPA000148,NPAtlas,22,303.362,1.409,5,6,3,4,8,2,108.210
C/C=C/C=C/CCCCCCC(=O)CNC(C)=O,NPA000149,NPA000149,NPAtlas,18,251.370,3.165,1,3,2,1,10,0,46.170
COc1cc(O)c2c(c1)[C@@H](O)[C@@H]1CC[C@@H](O1)[C@H](O)/C=CC[C@H](C)OC2=O,NPA000150,NPA000150,NPAtlas,26,364.394,1.848,3,7,7,3,1,1,105.450
CC1=C2CC[C@H](C)[C@]23CC[C@@H](C3)C1(C)C,NPA000151,NPA000151,NPAtlas,15,204.357,4.559,0,0,0,0,0,0,0.0
CCCCCCCC(=O)c1c(O)cc(OC)cc1CC(=O)OCC,NPA000152,NPA000152,NPAtlas,24,336.428,4.050,1,5,5,1,11,1,72.830
COc1ccc(-n2cnc3ccc(OC)cc3c2=O)c(CO)c1,NPA000153,NPA000153,NPAtlas,23,312.325,1.895,1,6,6,1,4,3,73.580
CCOC(=O)Cc1cc(O)cc2c1C(=O)C[C@@H](C[C@H](C)O)O2,NPA000154,NPA000154,NPAtlas,22,308.330,1.603,2,6,6,2,5,1,93.060
COc1cc(O)c2c(c1OC)/C=CC[C@H](O)[C@@H](O)C(=O)CCC[C@H](C)OC2=O,NPA000157,NPA000157,NPAtlas,28,394.420,1.833,3,8,8,3,2,1,122.520
O=C1N[C@H](Cc2ccc(O)cc2)C(=O)N2CCC[C@H]12,NPA000159,NPA000159,NPAtlas,19,260.293,0.424,2,5,3,2,2,1,69.640
COc1cc(C(=O)S)nc2c(O)cccc12,NPA000160,NPA000160,NPAtlas,16,235.264,2.019,1,4,4,2,2,2,59.420
CCC(C)CC(C)C1=Cc2cc3c(c(O)c2CO1)C(=O)C(=O)C(OC)=C3,NPA000161,NPA000161,NPAtlas,26,356.418,4.088,1,5,5,1,5,1,72.830
C[C@H]1C/C=C[C@H]2[C@@H]3O[C@]3(C)[C@@H](C)[C@H]3[C@H](Cc4ccccc4)NC(=O)C23[C@H](O)/C=C[C@@](C)(O)C1=O,NPA000163,NPA000163,NPAtlas,34,465.590,2.587,3,6,5,3,2,1,99.160
COc1cc2[nH]c1/C=C1/C=CC(=N1)CCCCCCCCCc1ccc-2[nH]1,NPA000164,NPA000164,NPAtlas,27,363.505,6.047,2,4,2,2,1,2,53.170
C/C=C(Cl)C1=CC(=O)[C@H](Cl)[C@@]1(O)C(=O)OC,NPA000165,NPA000165,NPAtlas,16,265.092,1.150,1,4,4,1,2,0,63.600
CC1=C2C[C@](C)(CO)C[C@@H]2C[C@@]2(C)CC[C@@]12O,NPA000166,NPA000166,NPAtlas,17,236.355,2.646,2,2,2,2,1,0,40.460
COC1=CC(=O)[C@]2(C)O[C@@]23CC(C)OC13O,NPA000171,NPA000171,NPAtlas,16,226.228,0.124,1,5,5,1,1,0,68.290
CC(=O)O[C@H]1C[C@](C)(O)/C=CC=C(CO)[C@H]2CC(C)(C)[C@]12O,NPA000176,NPA000176,NPAtlas,22,310.390,1.325,3,5,5,3,2,0,86.990
CO[C@@]1(C)C[C@H](O)[C@@]2(C)C[C@]34[C@H](C)C=CC(=O)[C@@]3(C)CC[C@@H]4[C@@H]12,NPA000177,NPA000177,NPAtlas,23,318.457,3.360,1,3,3,1,1,0,46.530
Oc1cccc2c1C1(Oc3cccc4cccc(c34)O1)[C@@H]1O[C@@H]1[C@@H]2O,NPA000178,NPA000178,NPAtlas,25,334.327,2.984,2,5,5,2,0,3,71.450
COC(=O)C(CCC#CC=C(Cl)Cl)C(CCCC#CCC(Cl)Cl)NC(C)=O,NPA000179,NPA000179,NPAtlas,27,455.209,4.750,1,4,3,1,9,0,55.400
Cc1cccnc1/C=C/C=C/[C@H](O)[C@@H](C)O,NPA000181,NPA000181,NPAtlas,16,219.284,1.701,2,3,3,2,4,1,53.350
CCCCCCCC/C(C)=CCCCCCCCC(=O)OCC(O)CO,NPA000182,NPA000182,NPAtlas,26,370.574,5.310,2,4,4,2,18,0,66.760
O=C1C[C@H](O)[C@H]2c3ccc(O)c4c3[C@](O)(c3ccc(O)c1c32)[C@@H](O)CC4=O,NPA000185,NPA000185,NPAtlas,27,368.341,0.674,5,7,7,5,0,2,135.290
NC(=O)c1ccc2c(c1)C=CO/C(=CCl)O2,NPA000186,NPA000186,NPAtlas,16,237.642,2.203,2,4,3,1,1,1,61.550
CC(C)[C@@H](C)/C=C/[C@@H](C)[C@H]1CC[C@H]2[C@@]34CC[C@]5(C[C@@H](O)CC[C@]5(C)[C@H]3CC[C@]12C)OO4,NPA000187,NPA000187,NPAtlas,31,430.673,6.698,1,3,3,1,4,0,38.690
COc1c(C)c(C)c2[nH]c3ccccc3c2c1O,NPA000188,NPA000188,NPAtlas,18,241.290,3.652,2,3,2,2,1,3,45.250
COC1=CC(=O)c2c(O)cc(OC)c(C)c2C1=O,NPA000189,NPA000189,NPAtlas,18,248.234,1.619,1,5,5,1,2,1,72.830
CCCCCCC[C@H]1C(=O)c2cccc(O)c2[C@@H]1O,NPA000190,NPA000190,NPAtlas,19,262.349,3.599,2,3,3,2,6,1,57.530
C=C[C@@]1(C)CCC2=C([C@H](O)[C@]3(O)OC[C@@]24CCCC(C)(C)[C@]34O)[C@H]1O,NPA000191,NPA000191,NPAtlas,25,350.455,1.651,4,5,5,4,1,0,90.150
CC1=C2C[C@@]3(C)C[C@H](O)[C@](C)(C[C@H](O)[C@H](O)[C@@](C)(O)CO)[C@H]3c3ccc(C)c(c32)C1,NPA000194,NPA000194,NPAtlas,30,416.558,2.444,5,5,5,5,5,1,101.150
CCCCCCCCCCCCCCCO[P@]1(=O)OC[C@@H]2COC(=O)C2=C(CCCC)O1,NPA000195,NPA000195,NPAtlas,32,472.603,7.866,0,6,6,0,18,0,71.060
COCc1c(CO)cc(O)c(C)c1OC,NPA000196,NPA000196,NPAtlas,15,212.245,1.348,2,4,4,2,4,1,58.920
CC(C)Cc1ncc(CC(C)(C)O)[nH]c1=O,NPA000199,NPA000199,NPAtlas,16,224.304,1.282,2,4,3,2,4,1,65.980
O=C(O)/C=C/C=C/C=C/[C@@]1(O)C=C(NC(=O)/C=C/C=C/C2CCCCC2)C(=O)[C@@H]2O[C@@H]21,NPA000201,NPA000201,NPAtlas,31,425.481,2.514,3,7,5,3,8,0,116.230
COc1cc(O)c2c(=O)c(OC)c(-c3cccc(Br)c3O)oc2c1OC,NPA000202,NPA000202,NPAtlas,26,423.215,3.660,2,7,7,2,4,3,98.360
CC[C@H](C)[C@H](O)/C(C)=C/C(C)(O)c1oc(=O)c(C)c(O)c1CO,NPA000203,NPA000203,NPAtlas,23,326.389,1.707,4,6,6,4,6,1,111.130
C[C@H]1C(=O)C=C2C[C@@]3(O)C[C@@](C)(CO)C[C@H]3[C@@]21C,NPA000204,NPA000204,NPAtlas,18,250.338,1.681,2,3,3,2,1,0,57.530
CCC(C)/C=C(C)/C=C/C(=O)/C=C(O)C1=C2C3=COC(CC(C)O)=CC3=CC(=O)[C@]2(C)OC1=O,NPA000207,NPA000207,NPAtlas,34,466.530,4.236,2,7,7,2,8,0,110.130
CC1=C(C(=O)O)C(=O)C2c3cc4cccc(O)c4c(O)c3C(=O)CC2(O)C1,NPA000208,NPA000208,NPAtlas,27,368.341,2.026,4,7,6,4,1,2,132.130
CC[C@@H](CC[C@H](C)[C@@H]1C[C@@H](O)C2=C3C(=O)C[C@@H]4C[C@H](O)CC[C@@]4(C)[C@]3(O)CC[C@]21C)C(C)C,NPA000209,NPA000209,NPAtlas,33,460.699,5.434,3,4,4,3,6,0,77.760
COc1ccc2c(c1)NC(=O)[C@@]21C[C@H]2C(=O)N3CCC[C@H]3C(=O)N2[C@H]1C=C(C)C,NPA000214,NPA000214,NPAtlas,29,395.459,1.825,1,7,4,1,2,1,78.950
CC(C)=CCc1cccc2c1OC(C)(C)[C@@H](O)C2=O,NPA000216,NPA000216,NPAtlas,19,260.333,2.910,1,3,3,1,2,1,46.530
CCC(=O)c1cc(C)cc(OC)c1Oc1ccc(C(CC(C)C)OC(C)=O)c(OC)c1C(=O)OC,NPA000217,NPA000217,NPAtlas,35,486.561,5.834,0,8,8,0,11,2,97.360
C=C1OC(=O)C(C(=O)CCCC=CCCCCCC)=C1O,NPA000218,NPA000218,NPAtlas,21,292.375,4.135,1,4,4,1,10,0,63.600
C[C@@H]1[C@@H]2C[C@H](C(C=O)=C3CC(C)(C)C[C@@H]31)[C@@H](O)O2,NPA000219,NPA000219,NPAtlas,18,250.338,2.291,1,3,3,1,1,0,46.530
CCC(O)/C=C(C)c1cc(OC)c(C)c(=O)o1,NPA000220,NPA000220,NPAtlas,17,238.283,2.131,1,4,4,1,4,1,59.670
CCCCC(C(=O)c1cc(CC(C)C)c(O)c(C=O)c1O)C1C[C@@H](O)C2(O[C@H]2CC)[C@H](O)O1,NPA000222,NPA000222,NPAtlas,33,464.555,3.114,4,8,8,4,10,1,136.820
Cc1cc(OC(=O)c2c(C)cc(O)cc2O)cc(O)c1C(=O)OCC(O)C(O)CO,NPA000223,NPA000223,NPAtlas,30,422.386,0.510,6,10,10,6,7,2,173.980
C=C1CO[C@H]2[C@H]3C(=O)C[C@H](C(C)C)[C@@]3(C)C[C@@H](OC(C)=O)[C@]3(C)CC(=O)O[C@]123,NPA000224,NPA000224,NPAtlas,28,390.476,2.836,0,6,6,0,2,0,78.900
CC(=O)Oc1ccc(-c2c(O)c(O)c(-c3ccc(O)c(O)c3)c(OC(C)=O)c2OC(C)=O)cc1,NPA000225,NPA000225,NPAtlas,34,468.414,3.619,4,10,10,4,5,3,159.820
COC(=O)Cc1cn(C2OC(CO)C(O)C(O)C2O)c2ccccc12,NPA000227,NPA000227,NPAtlas,25,351.355,-0.671,4,8,8,4,4,2,121.380
CC(/C=C/C(O)=C1/C(=O)CNC1=O)=C[C@@H](C)[C@H]1O[C@@]2(C)O[C@@H]([C@@H]1C)[C@H](O)[C@H](O)[C@H]2C,NPA000228,NPA000228,NPAtlas,30,421.490,1.144,4,8,7,4,4,0,125.320
C[C@H]1CN2C[C@]34C[C@@]5(C(=O)Nc6c5ccc5c6OC=CC(C)(C)O5)C(C)(C)[C@@H]3C[C@@]2(C1)C(=O)N4C,NPA000229,NPA000229,NPAtlas,35,477.605,3.681,1,7,5,1,0,1,71.110
CNc1ccc(-c2nc3ccccc3c(=O)[nH]2)cc1,NPA000233,NPA000233,NPAtlas,19,251.289,2.632,2,4,3,2,2,3,57.780
C[C@H]1C[C@@H](C)/C(O)=C2/C(=O)O[C@@]34C[C@@H](C)[C@H]5O[C@@]23[C@H](C[C@@H]4[C@H]5O)C1=O,NPA000234,NPA000234,NPAtlas,25,348.395,1.514,2,6,6,2,0,0,93.060
COc1cc([C@H]2COC(=O)[C@@H]2O)cc(OC)c1O,NPA000235,NPA000235,NPAtlas,18,254.238,0.411,2,6,6,2,3,1,85.220
CC(C)C[C@H](NC(=O)[C@@H](O)[C@H]1O[C@](C)(O)[C@H](C)N[C@H]1CC(=O)O)[C@@H]1Cc2cccc(O)c2C(=O)O1,NPA000236,NPA000236,NPAtlas,35,494.541,0.294,6,11,9,6,8,1,174.650
CC(C)=CCC/C(=CCC[C@]1(C)Oc2c(c(O)cc3c2CNC3=O)C[C@@H]1O)CO,NPA000237,NPA000237,NPAtlas,29,401.503,3.135,4,6,5,4,7,1,99.020
C=C1[C@@H](O)CC[C@@](CC(=O)c2cc(O)ccc2O)(C(=O)O)[C@H]1O,NPA000239,NPA000239,NPAtlas,23,322.313,0.813,5,7,6,5,4,1,135.290
CC(=O)OC1C(=O)[C@]23[C@H]4OCC5=C4[C@@](C)(CCC5=O)CC[C@]2(C)C1[C@@H](C)[C@@H]3O,NPA000241,NPA000241,NPAtlas,28,388.460,1.979,1,6,6,1,1,0,89.900
COC1(C)c2cc(O)c(C(=O)O)c(C)c2C(=O)c2c1ccc(C)c2O,NPA000243,NPA000243,NPAtlas,25,342.347,2.867,3,6,5,3,2,2,104.060
CC(C)=CCc1ccc2c(c1)NC(=O)C2=O,NPA000244,NPA000244,NPAtlas,16,215.252,2.330,1,3,2,1,2,1,46.170
CC1=CC(=O)[C@@H]2C(C)(C)CCC[C@]23[C@H]1CO[C@H]3O,NPA000245,NPA000245,NPAtlas,18,250.338,2.293,1,3,3,1,0,0,46.530
COc1c(C)c(O)c(C(C)=O)c2c1[C@@]1(C)C(=O)C(C(C)=O)C(=O)C[C@@]1(OC)O2,NPA000246,NPA000246,NPAtlas,28,390.388,1.652,1,8,8,1,4,1,116.200
COC(=O)c1cc(Cl)c(OC)c(Cl)c1,NPA000247,NPA000247,NPAtlas,14,235.066,2.789,0,3,3,0,2,1,35.530
CC(=O)NCCCCCOC(=O)[C@H](C)O,NPA000249,NPA000249,NPAtlas,15,217.265,0.217,2,5,4,2,7,0,75.630
C/C1=C/C/C=CC/C(CC(=O)O)=CC(=O)O[C@@H](C[C@H](O)CC/C(C)=C/Cc2ccccc2)C[C@H](O)C1,NPA000250,NPA000250,NPAtlas,36,496.644,5.457,3,6,5,3,9,1,104.060
C/C=C/[C@H]1C=C[C@H](O)[C@@H](O)[C@H]1C(O)C(C)=O,NPA000252,NPA000252,NPAtlas,16,226.272,0.036,3,4,4,3,3,0,77.760
C/C(=Cc1csc(C)n1)[C@H]1OC(=O)C[C@H](O)C(C)(C)C(=O)[C@H](C)[C@@H](O)C(C)CCC/C=C[C@@H]1O,NPA000255,NPA000255,NPAtlas,34,493.666,3.847,3,7,8,3,2,1,116.950
CC1=CC(=O)/C(=C/c2ccc(O)c(O)c2)O1,NPA000256,NPA000256,NPAtlas,16,218.208,1.942,2,4,4,2,1,1,66.760
Cc1cc(O)c2c(c1)C(=O)C1=C(C2=O)[C@@H](O)[C@@H](O)[C@@H](O)C1,NPA000257,NPA000257,NPAtlas,21,290.271,-0.137,4,6,6,4,0,1,115.060
COC(=O)[C@H](c1ccccc1)[C@@H](C1=C(O)/C(=C/c2ccccc2)OC1=O)c1ccccc1,NPA000258,NPA000258,NPAtlas,32,426.468,5.137,1,5,5,1,6,3,72.830
COc1cc(-c2ccccc2)nc(/C=N/O)c1SC,NPA000260,NPA000260,NPAtlas,19,274.345,3.287,1,4,5,1,4,2,54.710
C[C@H](O)CCCCC[C@H](O)[C@@H]1C=CC(=O)O1,NPA000261,NPA000261,NPAtlas,16,228.288,1.160,2,4,4,2,7,0,66.760
C=C1C[C@@H]2OC(=O)[C@@H](C)[C@H]2[C@](C)(CC(=O)O)[C@H]1CC/C(C)=C/C(=O)O,NPA000262,NPA000262,NPAtlas,25,350.411,3.032,2,6,4,2,6,0,100.900
CCC1C=C(c2ccc(C)cc2)C(=O)O1,NPA000265,NPA000265,NPAtlas,15,202.253,2.714,0,2,2,0,2,1,26.300
C[C@H]1O[C@@H](Oc2cccc3nc4c(C(=O)O)cccc4nc23)[C@H](O)[C@H](O)[C@H]1O,NPA000267,NPA000267,NPAtlas,28,386.360,0.687,4,9,8,4,3,3,142.230
CCCCC/C=CCC/C=CCCC(C)CCC(=O)O,NPA000268,NPA000268,NPAtlas,20,280.452,5.740,1,2,1,1,13,0,37.300
C=C1O[C@@H]2C=C(C(=O)OC)C[C@H](O)[C@H]2NC1=O,NPA000270,NPA000270,NPAtlas,17,239.227,-0.752,2,6,5,2,1,0,84.860
COc1cc2c([nH]c3ccc(Cl)cc32)c(-c2ccccc2)c1C,NPA000272,NPA000272,NPAtlas,23,321.807,5.959,1,2,1,1,2,4,25.020
C[C@H]1CC[C@@]23C1=C[C@@]1(C)CC[C@](C)(C[C@H](O)C(=O)C(C)(O)CO)[C@H]1[C@@H]2CC[C@@H]3C,NPA000274,NPA000274,NPAtlas,29,404.591,3.875,3,4,4,3,5,0,77.760
CO[C@]12CCCC[C@@H]1[C@H]1O[C@H](C)[C@@H](C)c3c(C)c(O)c(C(=O)O)c(c31)O2,NPA000275,NPA000275,NPAtlas,26,362.422,3.887,2,6,5,2,2,1,85.220
CC(C)[C@H]1C[C@@H](O)[C@H](C)[C@@H]2CC[C@@H](O)[C@@]3(C)O[C@]213,NPA000278,NPA000278,NPAtlas,18,254.370,1.958,2,3,3,2,1,0,52.990
O=C1C[C@@H](O)[C@@H](O)c2cc3c(c(O)c21)COC3,NPA000279,NPA000279,NPAtlas,17,236.223,0.403,3,5,5,3,0,1,86.990
CC1=CC(=O)[C@H]2C(C)(C)C[C@H](O)C[C@]2(C)[C@H]1CO,NPA000280,NPA000280,NPAtlas,18,252.354,1.927,2,3,3,2,1,0,57.530
C[C@@]1(O)C(=O)C[C@H]2[C@@H]([C@H]3[C@@H](CO)CC[C@H]31)[C@]2(C)CO,NPA000281,NPA000281,NPAtlas,19,268.353,0.589,3,4,4,3,2,0,77.760
CC(=O)O[C@H]1[C@@H]2C=C[C@H]3C[C@H](O)C[C@@H]4CC(=O)/C(=C[C@H]3[C@@H]2C[C@H]1C)C(=O)O4,NPA000282,NPA000282,NPAtlas,27,374.433,1.958,1,6,6,1,1,0,89.900
COC[C@@]1(O)CC[C@@H]2/C1=C[C@]1(O)C(=C(C(C)C)C(=O)[C@]1(C)OC(C)=O)C[C@H](O)[C@@H]2C,NPA000285,NPA000285,NPAtlas,30,422.518,1.689,3,7,7,3,4,0,113.290
COc1c(O)cc2c(c1O)CN1C(=O)[C@@H](Cc3c[nH]c4ccccc34)NC(=O)[C@H]1C2,NPA000286,NPA000286,NPAtlas,30,407.426,1.582,4,8,5,4,3,3,114.890
C[C@H]1[C@@H](O)CC[C@@H]2[C@]1(C)CC[C@@H]1[C@@](C)(Cc3c[nH]c4ccccc34)[C@H](C)CC[C@@]21C,NPA000289,NPA000289,NPAtlas,30,407.642,6.976,2,2,1,2,2,2,36.020
COC(=O)[C@]12Oc3cccc(O)c3C(O)=C1C(=O)OC=C(C)[C@H]2O,NPA000290,NPA000290,NPAtlas,24,334.280,0.787,3,8,8,3,1,1,122.520
COc1c(Cl)c(Cl)c(OC)c(Cl)c1Cl,NPA000291,NPA000291,NPAtlas,14,275.946,4.317,0,2,2,0,2,1,18.460
CC1=CC[C@H]2C(C)(C)C(=O)CC[C@]2(C)[C@H]1CO,NPA000292,NPA000292,NPAtlas,17,236.355,2.957,1,2,2,1,1,0,37.300
O=Cc1c(O)cc(Cc2ccccc2)[nH]c1=O,NPA000293,NPA000293,NPAtlas,17,229.235,1.484,2,4,3,2,3,2,70.160
CCCCCCC(=O)CCCCCCCCCC[C@H](O)C(N)(CO)C(=O)O,NPA000295,NPA000295,NPAtlas,27,387.561,3.562,5,6,5,4,19,0,120.850
C/C(=CC(=O)C[C@]12C(=O)O[C@]3(CO)CC[C@H]1C[C@@H]23)C(N)=O,NPA000296,NPA000296,NPAtlas,21,293.319,0.081,3,6,5,2,5,0,106.690
CC(C)(CO)[C@@H](O)C(=O)N/C=C/C(=O)O,NPA000300,NPA000300,NPAtlas,15,217.221,-0.920,4,6,4,4,5,0,106.860
O=C1C=C[C@H](O)[C@@]23O[C@@]12C1(Oc2cccc4cccc(c24)O1)[C@@H]1O[C@@H]1[C@@H]3O,NPA000302,NPA000302,NPAtlas,27,366.325,0.457,2,7,7,2,0,2,101.050
CC(=O)O[C@H]1C[C@@H](C)[C@@H]2[C@@H](O)[C@H](O)[C@@]3(C)CC(C)(C)[C@H]1[C@]23O,NPA000304,NPA000304,NPAtlas,22,312.406,1.093,3,5,5,3,1,0,86.990
CO/C=C(C(=O)OC)C(C)=C/C=C/c1ccc2c(c1)OC(C)(C)[C@@H](O)CO2,NPA000307,NPA000307,NPAtlas,27,374.433,3.260,1,6,6,1,5,1,74.220
CC(C)C1=C2[C@@H](OC3O[C@H](CO)[C@@H](O)C(O)C3O)[C@H](O)[C@H](C)[C@@H]3CC[C@H](CO)/C3=C/[C@@]2(C)[C@@H](O)C1,NPA000308,NPA000308,NPAtlas,35,498.613,-0.149,7,9,9,7,5,0,160.070
COc1cc(O)c2c(c1Br)/C=CC[C@@H](O)[C@H](O)[C@@H](O)/C=CC[C@H](C)OC2=O,NPA000309,NPA000309,NPAtlas,27,443.290,2.154,4,7,7,4,1,1,116.450
CCCCC[C@@H]1C(=O)CC[C@@H]1CC(=O)N[C@H](C(=O)O)[C@H](C)CC,NPA000311,NPA000311,NPAtlas,23,325.449,3.168,2,5,3,2,10,0,83.470
Cc1cc(O)cc2oc3cc(O)c(-c4c(O)cc(C)c5c4oc4cc(O)cc(C)c45)c(C)c3c12,NPA000323,NPA000323,NPAtlas,34,454.478,7.208,4,6,6,4,1,6,107.200
C[C@@H](O)Cc1cc(O)cc(O)c1C(=O)O[C@H](C)CC(=O)O,NPA000324,NPA000324,NPAtlas,21,298.291,1.041,4,7,6,4,6,1,124.290
COC(=O)[C@@]1(O)c2c(oc3cc(C)cc(O)c3c2=O)O[C@@H]1CCO,NPA000325,NPA000325,NPAtlas,24,336.296,0.311,3,8,8,3,3,2,126.430
COc1cc(O)c2c(=O)oc3cc(O)cc(C)c3c2c1,NPA000327,NPA000327,NPAtlas,20,272.256,2.674,2,5,5,2,1,3,79.900
Cc1cc(O)c2c(c1)[C@H](O)[C@H]1C[C@@H](O)CC[C@@H]1C2=O,NPA000328,NPA000328,NPAtlas,19,262.305,1.708,3,4,4,3,0,1,77.760
COc1cc(=O)oc(C(C)[C@H](C)O)c1C,NPA000329,NPA000329,NPAtlas,15,212.245,1.441,1,4,4,1,3,1,59.670
COc1cccc2c1[C@H](c1ccc3cc(C)cc(O)c3c1)O[C@@H]2OC,NPA000330,NPA000330,NPAtlas,25,336.387,4.627,1,4,4,1,3,3,47.920
CC(=O)O[C@H]1CC[C@]2(C)C3=CC[C@@]4(C)[C@@H]5[C@@H](O)C[C@H](C(C)C)[C@@]5(C)CC[C@]4(C)[C@H]3CC[C@H]2C1(C)C,NPA000332,NPA000332,NPAtlas,35,484.765,7.566,1,3,3,1,2,0,46.530
CC1=CC2=C(CC3=C4C=C(C)OC=C4[C@H](O)[C@@](C)(O)C3=O)C(=O)[C@](C)(O)[C@@H](O)C2=CO1,NPA000336,NPA000336,NPAtlas,31,428.437,0.995,4,8,8,4,2,0,133.520
CCCCCCc1c(O)cc(CCCCC)cc1O,NPA000337,NPA000337,NPAtlas,19,264.409,4.953,2,2,2,2,9,1,40.460
CC[C@H](O)C(=O)c1c(C)cc(C(=O)O)cc1OC,NPA000339,NPA000339,NPAtlas,18,252.266,1.655,2,5,4,2,5,1,83.830
CC(C)=C[C@H]1C[C@]2(C)[C@H](CC[C@@]3(C)[C@H]2CC[C@H]2CC(=O)c4ccccc4NC(=O)[C@@]23C)O1,NPA000340,NPA000340,NPAtlas,32,435.608,6.174,1,4,3,1,1,1,55.400
Cc1cnc(C(=O)CCO)c2[nH]c3ccccc3c12,NPA000341,NPA000341,NPAtlas,19,254.289,2.590,2,4,3,2,3,3,65.980
CC(C)/C=C1NC(=O)[C@H](CCC(N)=O)n2c1nc1ccccc1c2=O,NPA000342,NPA000342,NPAtlas,25,340.383,1.330,3,7,5,2,4,2,107.080
C/C=C/c1cc2c(c(=O)o1)C(=O)[C@H](O)[C@H](C)O2,NPA000343,NPA000343,NPAtlas,17,236.223,0.997,1,5,5,1,1,1,76.740
CCC(=O)CCCCCCCCCCCCCOP1(=O)OC[C@H]2COC(=O)C2=C(C)O1,NPA000344,NPA000344,NPAtlas,31,458.532,6.265,0,7,7,0,16,0,88.130
CC1=C[C@@H]2/C=C(/C)C[C@H](C)[C@H](O)[C@H](O)/C=CC(=O)O[C@@]23C(=O)N[C@@H](CC(C)C)[C@@H]3[C@@H]1C,NPA000345,NPA000345,NPAtlas,31,431.573,2.905,3,6,5,3,2,0,95.860
Cc1cc(O)c2c(c1)Sc1c(c(=O)oc3c(O)c(O)cc(C)c13)N2,NPA000348,NPA000348,NPAtlas,24,343.360,3.735,4,6,7,4,0,3,102.930
CCCCCC[C@@H](C)/C=C(C)/C=C/C(=O)N[C@H]1C[C@]2(C=C(Cl)C(=O)[C@H](Cl)[C@H]2O)O[C@H]1OC,NPA000350,NPA000350,NPAtlas,32,488.452,4.386,2,6,5,2,10,0,84.860
CC(C)C(O)C(=O)N/C=CC=C/NC(=O)C(O)C(C)C,NPA000352,NPA000352,NPAtlas,20,284.356,0.280,4,6,4,4,7,0,98.660
CCC[C@@H]1C(O)=C2CC[C@]3(C)C[C@@H](C)[C@H](O3)[C@@H](O)[C@H](O)[C@H](C)C(=O)C[C@@H]1OC2=O,NPA000353,NPA000353,NPAtlas,29,410.507,2.435,3,7,7,3,2,0,113.290
CCCCCC[C@H](O)[C@@H]1CC[C@@H]2[C@H](O)CC[C@H](O)[C@@]2(O)O1,NPA000356,NPA000356,NPAtlas,21,302.411,1.317,4,5,5,4,6,0,90.150
COC(=O)/C(C)=C/C=C/[C@@](C)(O)[C@@H](C)O,NPA000361,NPA000361,NPAtlas,15,214.261,0.794,2,4,4,2,4,0,66.760
O=C1CC[C@H](c2ccc(O)c3c2C(=O)CC[C@@H]3O)c2cccc(O)c21,NPA000363,NPA000363,NPAtlas,25,338.359,3.216,3,5,5,3,1,2,94.830
CC1(C)C=Cc2c(ccc3c2NC(=O)[C@@]32[C@@H](O)[C@@]34NC(=O)[C@]5(CCCN5C3=O)C[C@H]4C2(C)C)O1,NPA000365,NPA000365,NPAtlas,34,463.534,1.711,3,8,5,3,0,1,107.970
CC(C)=C[C@H]1C[C@H](C)[C@]2(CC[C@]3(C)C[C@H]4[C@@H](C(=O)C[C@@]4(C)O)/C(C=O)=CC[C@@H]23)O1,NPA000366,NPA000366,NPAtlas,29,400.559,4.408,1,4,4,1,2,0,63.600
CCCCCc1cc(O)cc2c1C(=O)c1c(O)ccc(O)c1C2=O,NPA000368,NPA000368,NPAtlas,24,326.348,3.312,3,5,5,3,4,2,94.830
C=C1[C@@H](O)[C@H]2O[C@]23C[C@H]2[C@H]4O[C@@]4(C)C(=O)[C@H]2[C@]13C,NPA000369,NPA000369,NPAtlas,18,248.278,0.437,1,4,4,1,0,0,62.360
CC1=C[C@H](O)[C@@]2(Oc3cccc(O)c3C2=O)[C@H](C)C1=O,NPA000370,NPA000370,NPAtlas,20,274.272,1.232,2,5,5,2,0,1,83.830
O=C1C[C@@H](O)[C@]23Oc4ccc(O)c5c4[C@](CCC5=O)(Oc4cccc1c42)O3,NPA000371,NPA000371,NPAtlas,27,366.325,2.123,2,7,7,2,0,2,102.290
Oc1ccc(O)c2c1[C@H](O)[C@@H]1O[C@@H]1C21Oc2cccc3cccc(c23)O1,NPA000372,NPA000372,NPAtlas,26,350.326,2.690,3,6,6,3,0,3,91.680
C#CCCC/C(=CCl)CCC(C)/C=C/CCC(=O)NCC/C(=CC(=O)N1C(=O)C=CC1C)OC,NPA000374,NPA000374,NPAtlas,34,489.056,5.015,1,6,4,1,15,0,75.710
COc1cc(/C=CC(C)=CC(C)=Cc2ccccc2)oc(=O)c1,NPA000375,NPA000375,NPAtlas,23,308.377,4.711,0,3,3,0,5,2,39.440
C/C=C/C=C/c1cc(=O)c2c(o1)O[C@]1(C)CC[C@@]3(O)C(C)(C)C(=O)CC[C@]3(C)[C@H]1[C@H]2O,NPA000376,NPA000376,NPAtlas,31,428.525,3.950,2,6,6,2,2,1,96.970
CC(=O)/C=C/C=C(C)/C=C/C=C/C(C)=C/C=C/C(C)=C/C=C1C(C)=CC(=O)CC1(C)C,NPA000377,NPA000377,NPAtlas,31,416.605,7.511,0,2,2,0,8,0,34.140
Cc1cc(O)c(Cl)c2oc3c(Cl)c(O)cc(C)c3c12,NPA000378,NPA000378,NPAtlas,19,297.137,4.921,2,3,3,2,0,3,53.600
C[C@@H]1O[C@@H](c2ccc3c(c2O)C(=O)c2ccc4c(c2C3=O)C(=O)C[C@](C)(O)C4)CC[C@@H]1N(C)C,NPA000380,NPA000380,NPAtlas,34,463.530,3.218,2,7,7,2,2,2,104.140
O=C1OCC(c2ccccc2)=C1C(O)c1ccccc1,NPA000382,NPA000382,NPAtlas,20,266.296,2.731,1,3,3,1,3,2,46.530
CC1(C)C(=O)CC[C@]1(C)C1=CC(=O)[C@@](C)(O)CC1,NPA000383,NPA000383,NPAtlas,18,250.338,2.422,1,3,3,1,1,0,54.370
COC1=CC(=O)C(C)=C(C[C@H](C)O)C1=O,NPA000384,NPA000384,NPAtlas,15,210.229,0.756,1,4,4,1,3,0,63.600
CCCCC/C=C/C[C@@H]1O[C@H]1[C@H](O)CCCCCCC(=O)OC,NPA000386,NPA000386,NPAtlas,23,326.477,4.155,1,4,4,1,14,0,59.060
CC(=O)O[C@H]1C=CC=C2C[C@@]34S[C@@](CO)(C(=O)N3[C@@H]21)N(C)C4=O,NPA000388,NPA000388,NPAtlas,23,336.369,-0.381,1,7,6,1,2,0,87.150
C/C(=C/CC/C(C)=C/C(=O)c1cc(O)c(O)cc1O)C(=O)O,NPA000389,NPA000389,NPAtlas,22,306.314,2.744,4,6,5,4,6,1,115.060
CC/C=C/C=C/C(C)(O)C1=CC(=O)CC(C)N1,NPA000390,NPA000390,NPAtlas,17,235.327,2.095,2,3,3,2,4,0,49.330
O=C(/C=C/c1ccccc1)NC1=N[C@@H]2CCCCCCCCCC[C@H]2O1,NPA000391,NPA000391,NPAtlas,26,354.494,4.854,1,4,3,1,2,1,50.690
Cc1cc(O)c2c3c(ccc2c1)C(=O)c1c(O)cccc1C3=O,NPA000393,NPA000393,NPAtlas,23,304.301,3.335,2,4,4,2,0,3,74.600
C=C[C@@]1(C)CCC2=C(CC[C@H]3C(C)(C)CCC[C@]23C)C1,NPA000396,NPA000396,NPAtlas,20,272.476,6.286,0,0,0,0,1,0,0.0
CCC(C)[C@@]1(OC)NC(=O)[C@@H](C)n2c1nc1c(c2=O)C=C(OC)C=CO1,NPA000397,NPA000397,NPAtlas,26,361.398,1.673,1,8,7,1,4,1,91.680
CC1=C(C)[C@H]2[C@H](Cc3ccccc3)NC(=O)[C@]23OC(=O)/C=C[C@H](O)CCC[C@@H](C)C/C=C[C@H]3[C@@H]1O,NPA000398,NPA000398,NPAtlas,35,479.617,3.636,3,6,5,3,2,1,95.860
CC(=O)C(C)=Nc1ccccc1C(=O)O,NPA000402,NPA000402,NPAtlas,15,205.213,2.066,1,4,3,1,3,1,66.730
CC(=O)N[C@H]([C@@H](O)C=O)[C@@H](O)[C@@H](C)O,NPA000404,NPA000404,NPAtlas,14,205.210,-2.207,4,6,5,4,5,0,106.860
C[C@]1(CO)CCC[C@]2(C)C3=C(CC[C@@H]12)C(=O)O[C@@H]3O,NPA000405,NPA000405,NPAtlas,19,266.337,1.757,2,4,4,2,1,0,66.760
CC1(C)CC[C@]2(C)CC[C@]3(C)C(=CCC4[C@@]5(C)CC[C@H](O)C(C)(C)[C@@H]5CC[C@]43C)[C@@H]2C1,NPA000406,NPA000406,NPAtlas,31,426.729,8.169,1,1,1,1,0,0,20.230
NC(=O)c1c2nc3cc(CO)ccc3oc-2cc(=O)c1N,NPA000409,NPA000409,NPAtlas,21,285.259,0.466,5,7,6,3,2,1,132.440
COC1(C)C(=O)C(O)(C=O)C(C)=C2C(=O)CCC(=O)OC(C)C(O)C3OC3C21,NPA000410,NPA000410,NPAtlas,28,396.392,-0.740,2,9,9,2,2,0,139.730
O=C(O)[C@@H]1CC2=c3c(c(O)c4c5c3N1CC[C@@H]5NCN=4)N=C2,NPA000411,NPA000411,NPAtlas,22,298.302,-0.453,3,7,6,3,1,1,97.520
CC(C)=C/C=C[C@H](C)[C@H]1CC[C@]2(C)C[C@@H]3C(C)=CC(=O)C3/C(CO)=CC[C@@H]12,NPA000415,NPA000415,NPAtlas,27,368.561,5.651,1,2,2,1,4,0,37.300
CC[C@H]1Cc2oc(=O)cc(OC)c2CO1,NPA000416,NPA000416,NPAtlas,15,210.229,1.500,0,4,4,0,2,1,48.670
CC1OC(OC(=O)c2ccc(O)cc2)C(O)[C@@H](O)C1O,NPA000418,NPA000418,NPAtlas,20,284.264,-0.624,4,7,7,4,2,1,116.450
C=C1[C@H](O)CC[C@](CC(=O)c2cc(O)ccc2O)(C(=O)OC)[C@@H]1O,NPA000420,NPA000420,NPAtlas,24,336.340,0.902,4,7,7,4,4,1,124.290
CC(C)=CCc1c(OC(=O)c2c(C)cc(O)cc2O)cc(C)c(C=O)c1O,NPA000421,NPA000421,NPAtlas,27,370.401,3.961,3,6,6,3,5,2,104.060
CC(C)=CCOc1ccc([C@@H]2C(=O)N(O)C(=O)[C@@H]2CC(C)C)cc1,NPA000422,NPA000422,NPAtlas,24,331.412,3.536,1,5,4,1,6,1,66.840
CCCCCc1occ(CO)c1C(=O)OC,NPA000424,NPA000424,NPAtlas,16,226.272,2.291,1,4,4,1,6,1,59.670
C=C[C@]1(C)CCC2C(=CC[C@H]3C(C)(C)[C@@H](O)CC[C@]23C)C1,NPA000426,NPA000426,NPAtlas,21,288.475,5.112,1,1,1,1,1,0,20.230
Cc1ccc2c(c1O)C(=O)c1c(cc(O)c(C(=O)O)c1C)C2(C)O,NPA000427,NPA000427,NPAtlas,24,328.320,2.213,4,6,5,4,1,2,115.060
CCCCCC(=O)C[C@@H]1CC(CC(=O)CCC)=C(C)C(=O)[C@]1(C)O,NPA000428,NPA000428,NPAtlas,24,336.472,3.942,1,4,4,1,10,0,71.440
COc1c(O)cc(C)c2c1C(=O)C(=O)C1=C2O[C@@H](C)C1(C)C,NPA000429,NPA000429,NPAtlas,22,302.326,2.631,1,5,5,1,1,1,72.830
CCCCCCCCCC[C@H](C)CCC[C@]1(C)C=C/C(=C2C(=O)O[C@@H](CC(=O)O)C2=O)O1,NPA000430,NPA000430,NPAtlas,32,448.600,5.892,1,6,5,1,15,0,89.900
C[C@H]1O[C@@H]2CC(=O)O[C@@H]2C2=C1C(=O)c1c(ccc([C@H]3C[C@@H](N(C)C)[C@H](O)[C@@H](C)O3)c1O)C2=O,NPA000431,NPA000431,NPAtlas,33,457.479,1.312,2,9,9,2,2,1,122.600
C/C(=Cc1csc(C)n1)[C@@H]1C/C=CCCCC[C@H](O)[C@@H](C)C(=O)C(C)(C)[C@@H](O)CC(=O)O1,NPA000432,NPA000432,NPAtlas,32,463.640,4.630,2,6,7,2,2,1,96.720
O=C1C=C[C@@H](O)[C@@H]2[C@@H]1[C@@H](O)C=CC21Oc2cccc3cccc(c23)O1,NPA000433,NPA000433,NPAtlas,25,336.343,1.970,2,5,5,2,0,2,75.990
COc1cc(/C(C)=C/C(=O)OC[C@H](O)CO)oc(=O)c1,NPA000435,NPA000435,NPAtlas,20,284.264,-0.052,2,7,7,2,6,1,106.200
COc1ccc([C@@]2(O)c3c(ccc(/C=C/C4(C)CCC(C)(C)C(O)O4)c3O)NC(=O)[C@@H]2OC)cc1,NPA000437,NPA000437,NPAtlas,35,483.561,3.531,4,8,7,4,5,2,117.480
CC=C1C2C=C(C)C[C@]1(N)c1ccc(=O)[nH]c1C2,NPA000438,NPA000438,NPAtlas,18,242.322,1.998,3,3,2,2,0,1,58.880
O=C1[C@@H](O)c2c(O)cc3c(c2[C@H]2O[C@@H]12)-c1ccc(O)c2c(O)ccc-3c12,NPA000439,NPA000439,NPAtlas,26,348.310,2.660,4,6,6,4,0,3,110.520
CCC(C)CCCCCC/C=C/CCC(=O)O,NPA000440,NPA000440,NPAtlas,17,240.387,4.794,1,2,1,1,11,0,37.300
C=CC(C)(C)c1[nH]c2ccc(CC=C(C)C)cc2c1/C=C1NC(=O)C(C)(OC)NC1=O,NPA000442,NPA000442,NPAtlas,31,421.541,4.090,3,6,3,3,6,2,83.220
CC[C@@H](CO)[C@H]1O[C@@H](c2c(O)c(-c3ccccc3)cn(OC)c2=O)[C@H](C)C[C@@H]1C,NPA000443,NPA000443,NPAtlas,29,401.503,3.400,2,6,6,2,6,2,80.920
CCCCCCCC[C@H]1OC(=O)[C@@H]2OC(=O)[C@@H](C)[C@H]12,NPA000444,NPA000444,NPAtlas,19,268.353,2.840,0,4,4,0,7,0,52.600
CC1=C2CC(=O)C2(C)C2CC3C(=O)CC(C)C2(CC1)C3(C)C,NPA000447,NPA000447,NPAtlas,22,300.442,4.333,0,2,2,0,0,0,34.140
CC(=O)[C@@]1(C)C[C@@H]2C[C@](C)(C(=O)O)CC2=C(C)C1=O,NPA000448,NPA000448,NPAtlas,19,264.321,2.372,1,4,3,1,2,0,71.440
C=C1[C@@H](O)[C@@](C)(/C=C/C(=O)O)[C@H]2C(C)=C[C@@]3(C)[C@@H](/C(C)=CC)O[C@@H]1[C@@]23C,NPA000449,NPA000449,NPAtlas,26,358.478,3.887,2,4,3,2,3,0,66.760
CC[C@@]1(O)CCc2c(O)c3c(c(O)c2[C@@H]1C(=O)OC)C(=O)c1cccc(O)c1C3=O,NPA000450,NPA000450,NPAtlas,30,412.394,1.923,4,8,8,4,2,2,141.360
CCCCCCCC(=O)C(C)C(=O)N1C=CCC1,NPA000451,NPA000451,NPAtlas,18,251.370,3.298,0,3,2,0,8,0,37.380
COC(=O)c1c(Oc2c(C)c(Cl)c(OC)c(Cl)c2O)cc(OC)c(Cl)c1C,NPA000452,NPA000452,NPAtlas,27,435.687,5.565,1,6,6,1,5,2,74.220
COC(=O)/C(=C1/OC(=O)C(c2ccc(OC)cc2)=C1O)c1ccc(OC)cc1,NPA000453,NPA000453,NPAtlas,28,382.368,3.114,1,7,7,1,5,2,91.290
C[C@@H](O)[C@@H]1N=C(Nc2ncnc3c2ncn3[C@@H]2O[C@H](CO)[C@@H](O)[C@H]2O)OC1=O,NPA000456,NPA000456,NPAtlas,28,394.344,-2.488,5,13,13,5,4,2,184.440
CC(=O)COC(C)CCCC(C)C1=CC[C@]2(C)OC3=C(C[C@H]12)C(=O)[C@@H](O)CC3,NPA000457,NPA000457,NPAtlas,28,390.520,3.890,1,5,5,1,8,0,72.830
CCO[C@H]1CC[C@@]2(CC(=O)c3cc(O)ccc3O)C(=O)OC[C@@]12C(OC)OC,NPA000458,NPA000458,NPAtlas,28,394.420,2.018,2,8,8,2,8,1,111.520
C=C1C(O)=C(C(=O)C(C)CC)C(=O)OC1C,NPA000462,NPA000462,NPAtlas,16,224.256,1.915,1,4,4,1,3,0,63.600
[C-]#[N+][C@@]12C(=O)[C@@H]3[C@@H](O[C@@]4(C(=O)N(C)c5cccc1c54)C3(C)C)C(=O)[C@@]2(C)C=C,NPA000463,NPA000463,NPAtlas,28,376.412,2.372,0,6,4,0,1,1,68.040
CC(=O)O[C@H]1[C@@H]2C=C[C@H]3CC4C[C@H]5CC(=O)[C@]4(C[C@H]3[C@@H]2C[C@H]1C)C(=O)O5,NPA000464,NPA000464,NPAtlas,26,358.434,2.677,0,5,5,0,1,0,69.670
COc1c(C)c(O)cc2c1C(=O)NC2C,NPA000466,NPA000466,NPAtlas,15,207.229,1.514,2,4,3,2,1,1,58.560
CO[C@]1(Cc2ccc(O)cc2)OC(=O)C(O)=C1c1ccc(O)cc1,NPA000471,NPA000471,NPAtlas,24,328.320,2.509,3,6,6,3,4,2,96.220
C[C@@H]1C[C@@H]2[C@H]3/C=C4C(=O)C[C@@H](C[C@H](O)C[C@H]3C=C[C@@H]2C1=O)OC4=O,NPA000474,NPA000474,NPAtlas,24,330.380,1.596,1,5,5,1,0,0,80.670
O=C(O)CC1OC(=O)c2c(O)cc(O)cc21,NPA000476,NPA000476,NPAtlas,16,224.168,0.784,3,6,5,3,2,1,104.060
CC(C)C[C@]1(C(=O)O)C[C@@](C)(C(=O)O)N1,NPA000477,NPA000477,NPAtlas,15,215.249,0.692,3,5,3,3,4,0,86.630
CC(C)(O)/C=C/[C@]12[C@@H]3[C@H]4C(=C[C@@H]1C(C)(C)O[C@@]2(O)[C@H]1O[C@H]1[C@@H]3O)C(=O)[C@H]1O[C@H]1[C@@H]4O,NPA000478,NPA000478,NPAtlas,30,420.458,-0.561,4,8,8,4,2,0,132.280
O=c1oc(/C=C/C=C/c2ccccc2)cc2cccc(O)c12,NPA000480,NPA000480,NPAtlas,22,290.318,4.225,1,3,3,1,3,3,50.440
CC1=CC(=O)C=C[C@@]2(C)[C@H]1CC[C@]1(C)[C@@H]2[C@@H](O)C=C(C)[C@@]12Cc1c(c(C)c(C)oc1=O)O2,NPA000482,NPA000482,NPAtlas,32,436.548,4.375,1,5,5,1,0,1,76.740
C=C1CC[C@H]2[C@](C)(CO)CCC[C@]2(C)[C@H]1C[C@]12O[C@H]1[C@H](O)C(CO)=CC2=O,NPA000484,NPA000484,NPAtlas,27,376.493,2.148,3,5,5,3,4,0,90.290
C[C@@H]1CC(C)(C)[C@@H]2CC[C@]3(C)[C@H](CC[C@@H]4[C@@]5(C)CC[C@H](O)C(C)(C)[C@@H]5CC[C@]43C)[C@@]2(C)C1,NPA000487,NPA000487,NPAtlas,32,442.772,8.495,1,1,1,1,0,0,20.230
COC1=C(OC)[C@H](OC(C)=O)[C@H](CC=C(C)CCC=C(C)C[C@H](O)C=C(C)C)[C@@H](C)C1=O,NPA000488,NPA000488,NPAtlas,32,448.600,5.038,1,6,6,1,11,0,82.060
Cn1c2cccc(=O)c-2nc2ccccc21,NPA000489,NPA000489,NPAtlas,16,210.236,2.038,0,3,3,0,0,1,34.890
C[C@@H]1O[C@]2(CC(=O)[C@H]1O)O[C@H](C)CC[C@@H]2O,NPA000490,NPA000490,NPAtlas,16,230.260,-0.019,2,5,5,2,0,0,75.990
CC(C)CC(=O)NC(=O)c1coc(/C=C/CC/C=C/C=C/C(=O)O)cc1=O,NPA000492,NPA000492,NPAtlas,27,373.405,2.933,2,7,5,2,9,1,113.680
COc1cc(/C=C/C(C)=C/C(C)=O)oc(=O)c1,NPA000493,NPA000493,NPAtlas,17,234.251,2.197,0,4,4,0,4,1,56.510
C=C[C@@H]1CC=C2OC=C(COC)C(=O)[C@]2(O)[C@@H]1O,NPA000497,NPA000497,NPAtlas,18,252.266,0.298,2,5,5,2,3,0,75.990
COc1cc(OC)c2c(c1)C(CCCCCCCCCCCCC(C)=O)OC2=O,NPA000498,NPA000498,NPAtlas,29,404.547,6.186,0,5,5,0,15,1,61.830
CC[C@@]12C=C(C)[C@@H]3[C@@H](C)[C@H](O[C@H]4CC[C@@H](O)[C@@H](C)O4)C4=CC(=O)C=C(N1C(=O)[C@](C)(O)C2=O)[C@@]43O,NPA000499,NPA000499,NPAtlas,35,487.549,0.918,3,9,8,3,3,0,133.600
C=C(C)[C@H](O)COc1ccc(CC(=O)O)cc1,NPA000500,NPA000500,NPAtlas,17,236.267,1.630,2,4,3,2,6,1,66.760
COC1=C(OC)[C@H](O)[C@H](CC=C(C)CCC=C(C)C[C@H](O)C=C(C)C)[C@@H](C)C1=O,NPA000501,NPA000501,NPAtlas,29,406.563,4.467,2,5,5,2,10,0,75.990
OC1C(Cl)(Cl)C(=C(Cl)Cl)C2(OC2Cl)C1(Cl)Cl,NPA000502,NPA000502,NPAtlas,16,367.270,3.732,1,2,2,1,0,0,32.760
C=C[C@@]1(C)CCC2=C([C@H]1O)[C@@H](O)C(=O)[C@H]1C(C)(C)CC[C@@H](O)[C@]21C,NPA000503,NPA000503,NPAtlas,24,334.456,2.377,3,4,4,3,1,0,77.760
O=C(N[C@@H](COC(=O)[C@H](CO)NC(=O)c1cccc(O)c1O)C(=O)O)c1cccc(O)c1O,NPA000504,NPA000504,NPAtlas,33,464.383,-0.974,8,13,10,8,9,2,222.950
CC(C)C[C@@H]1N[C@@H]2N(C1=O)c1ccccc1[C@]21C[C@@H]2C(=O)N[C@@](C)(O1)c1nc3ccccc3c(=O)n12,NPA000509,NPA000509,NPAtlas,36,485.544,2.247,2,9,7,2,2,3,105.560
CC(O)CCCC=Cc1cccc(O)c1C=O,NPA000510,NPA000510,NPAtlas,17,234.295,2.769,2,3,3,2,6,1,57.530
CCCCC[C@H](C/C=C/CCC(=O)NC[C@H](OC)[C@@H]1C(=O)C(C)=CC[C@@H]1O)OC,NPA000511,NPA000511,NPAtlas,29,409.567,3.336,2,6,5,2,14,0,84.860
CC(C)(O)[C@]12CCC3=C(COC3=O)[C@@]1(C)CCC(=O)O2,NPA000516,NPA000516,NPAtlas,20,280.320,1.487,1,5,5,1,1,0,72.830
C[C@@H]1CCCCC[C@H](O)[C@@H](O)/C=CC(=O)O1,NPA000517,NPA000517,NPAtlas,16,228.288,1.160,2,4,4,2,0,0,66.760
C[C@H](CO)C1CC[C@@]2(C)[C@H]1CC[C@]1(C)[C@@H]2CC[C@@H]2[C@@]3(C)CCCC(C)(C)[C@@H]3CC[C@]21C,NPA000520,NPA000520,NPAtlas,31,428.745,8.106,1,1,1,1,2,0,20.230
C[C@@H]1CC[C@@H](O)CCCCc2cc(O)cc(O)c2C(=O)O1,NPA000521,NPA000521,NPAtlas,21,294.347,2.511,3,5,5,3,0,1,86.990
C/C(=CCCC(C)C1=CC[C@@]2(C)OC3=C(C[C@@H]12)C(=O)CC[C@@H]3O)C(=O)O,NPA000522,NPA000522,NPAtlas,26,360.450,3.537,2,5,4,2,5,0,83.830
Cc1c2c(cc3c1C(=O)C[C@@]1(C)[C@H]3CC[C@@H]1[C@H](C)/C=C/[C@H](C)C(C)C)CC[C@H](O)C2,NPA000523,NPA000523,NPAtlas,30,408.626,6.415,1,2,2,1,4,1,37.300
C=C[C@]1(C)CC[C@](C)(C(C)C)c2cc3c4c(c[nH]c4c21)C[C@@H](CO)NC(=O)[C@H](C(C)C)N3C,NPA000526,NPA000526,NPAtlas,33,451.655,4.813,3,5,3,3,4,2,68.360
C=C1C2C[C@@H](C[C@H]1OC(C)=O)[C@@]21CO[C@@]2(C[C@@H](C)C(=O)O2)C1,NPA000527,NPA000527,NPAtlas,22,306.358,2.200,0,5,5,0,1,0,61.830
CC(=CC(O)C[C@@H](C)[C@H]1CC[C@@]2(C)C3=CCC4C(C)(C)C(O)CC[C@]4(C)C3=CC[C@]12C)C(=O)O,NPA000528,NPA000528,NPAtlas,34,470.694,6.291,3,4,3,3,5,0,77.760
C[C@H]1CO[C@]2(C)Oc3cc4c(cc3C[C@H]12)C[C@@H]1[C@@H](C)CO[C@]1(C)O4,NPA000529,NPA000529,NPAtlas,24,330.424,3.554,0,4,4,0,0,1,36.920
Nc1nc2c(c(=O)[nH]1)N=C([C@H](O)[C@H](O)CO)CN2,NPA000530,NPA000530,NPAtlas,18,255.234,-2.436,7,9,8,6,3,1,156.850
C/C(=CCc1c(O)cc2c(c1O)COC2=O)CC/C=C(C)CCC(O)C(C)(C)O,NPA000531,NPA000531,NPAtlas,29,404.503,3.896,4,6,6,4,9,1,107.220
CC(C)=CCc1ccc(O)c(C=O)c1C(=O)c1cc(C)cc2c1OC(C(C)(C)O)CO2,NPA000533,NPA000533,NPAtlas,31,424.493,4.164,2,6,6,2,6,2,93.060
CCCC(C)(O)C(O)[C@@]1(C)C[C@@H](C)C(=O)O1,NPA000534,NPA000534,NPAtlas,16,230.304,1.240,2,4,4,2,4,0,66.760
CC(=O)OCC(CO)NC(=O)c1ccccc1O,NPA000535,NPA000535,NPAtlas,18,253.254,0.046,3,6,5,3,5,1,95.860
C/C=C(C)[C@@H]1C(C)=C[C@@H]2C[C@@]3(C)O[C@H]3C[C@H]2[C@@H]1/C=C/C=C(C)[C@@H](O)[C@@H](C)CO,NPA000536,NPA000536,NPAtlas,28,386.576,4.820,2,3,3,2,6,0,52.990
CC(C)=CC[C@H]1C(=O)C2=C(COCC[C@H]2O)[C@@H](O)[C@H]1O,NPA000539,NPA000539,NPAtlas,20,282.336,0.341,3,5,5,3,2,0,86.990
CC1(C)[C@H]2C[C@]34CCCCN3C[C@@]2(C[C@]12C(=O)N1C[C@@]3(C)O[C@H]3Cc3cccc2c31)NC4=O,NPA000540,NPA000540,NPAtlas,33,447.579,2.528,1,6,4,1,0,1,65.180
COCc1c(O)ccc(Cc2c(O)cccc2/C=C/[C@@H](O)[C@H](C)O)c1/C=C/[C@@H](O)[C@H](C)O,NPA000541,NPA000541,NPAtlas,32,444.524,2.345,6,7,7,6,10,2,130.610
COc1ccc2c3c([nH]c2c1)[C@H](CC(C)(C)O)N1C(=O)[C@@H]2CCCN2C(=O)[C@@]1(O)[C@H]3O,NPA000542,NPA000542,NPAtlas,31,429.473,0.947,4,9,6,4,3,2,126.330
CC[C@@H](C)[C@H]1O[C@]1(C)[C@@H]1C(C)=C[C@@H]2CC(CO)=CC[C@H]2[C@@H]1/C=C/C=C/C=C/C(=O)O,NPA000544,NPA000544,NPAtlas,30,412.570,5.080,2,4,3,2,8,0,70.060
COC1=C(c2ccc(O)cc2)C(=O)C(O)=C(c2ccc(O)cc2)C1=O,NPA000545,NPA000545,NPAtlas,25,338.315,2.576,3,6,6,3,3,2,104.060
CC(C)=CCOc1cc(O)c2c3c(c(O)cc(O)c13)OC2=O,NPA000546,NPA000546,NPAtlas,22,302.282,2.834,3,6,6,3,3,2,96.220
Cc1cc(O[C@H]2C[C@@H](O)[C@H](O)[C@@H](C)O2)cc2c1C(=O)c1c(O)cccc1C2=O,NPA000547,NPA000547,NPAtlas,28,384.384,1.712,3,7,7,3,2,2,113.290
C/C=C/C=C/C=C/[C@H]1C[C@@H](O)[C@H](O)[C@H](O)[C@@H]1CO,NPA000548,NPA000548,NPAtlas,18,254.326,0.386,4,4,4,4,4,0,80.920
C[C@@H]1CC(=O)C2=C(C3OC3[C@]3(O)[C@H]2C(=O)c2cccc(O)c2[C@@H]3O)[C@H]1O,NPA000549,NPA000549,NPAtlas,26,358.346,0.017,4,7,7,4,0,1,127.590
CCC/C(=CCl)C/C=C/CCC(=O)NCCC(C)C,NPA000551,NPA000551,NPAtlas,19,285.859,4.798,1,2,1,1,10,0,29.100
CCC1CCCC(C)CCC(OC2OC(C)C(O)C(N)C2O)C(C)CCCNC1=O,NPA000554,NPA000554,NPAtlas,30,428.614,2.324,5,7,6,4,3,0,114.040
COc1c(C)c(OCC=C(C)C)cc2c1CNC2=O,NPA000555,NPA000555,NPAtlas,19,261.321,2.592,1,4,3,1,4,1,47.560
CO[C@@H]1CO[C@@H](Oc2cc(C)c3c(c2)/C(=C/Cl)CCN3)[C@H](OC)[C@H]1O,NPA000558,NPA000558,NPAtlas,25,369.845,2.516,2,6,6,2,4,1,69.180
C=C(C)C#CC1=CC(=O)[C@]2(C(=O)Oc3c(C#CC(=C)C)cc(O)c(C=O)c32)C1=O,NPA000559,NPA000559,NPAtlas,29,386.359,1.947,1,6,6,1,1,1,97.740
COn1cc(-c2ccccc2)c(O)c([C@@H]2O[C@H]([C@H](C)[C@H](C)O)[C@@H](C)C[C@H]2C)c1=O,NPA000560,NPA000560,NPAtlas,29,401.503,3.398,2,6,6,2,5,2,80.920
CCCc1c(C(=O)O)c(O)cc2c1C(=O)c1c(O)cccc1C2=O,NPA000561,NPA000561,NPAtlas,24,326.304,2.524,3,6,5,3,3,2,111.900
C/C1=C/CC[C@H](C)[C@@H](C)OC(=O)/C=C[C@](C)(O)/C=CC1=O,NPA000563,NPA000563,NPAtlas,21,292.375,2.727,1,4,4,1,0,0,63.600
CCCCC/C=CC/C=CCCCCCC/C=C(/C=O)CCCCC/C=CCCCCCCCC,NPA000564,NPA000564,NPAtlas,35,484.853,11.792,0,1,1,0,27,0,17.070
C/C=C/c1occ([C@@H]2OC(=O)c3cc(OC)cc(OC)c32)c(=O)c1OC,NPA000568,NPA000568,NPAtlas,26,358.346,2.959,0,7,7,0,5,2,84.200
CS[C@@]12C[C@H]3C(=O)CC[C@H](O)[C@H]3N1C(=O)[C@]1(SC)C[C@H]3C(=O)CC[C@H](O)[C@H]3N1C2=O,NPA000569,NPA000569,NPAtlas,30,454.570,0.0,2,8,8,2,2,0,115.220
C=C[C@H]1C=C[C@@H]2[C@H]3[C@H]1C(=O)[C@@H]1C[C@](O)(Cc4ccc(cc4)O[C@H]3[C@@H]3CC[C@@H](C)C[C@@H]23)NC1=O,NPA000570,NPA000570,NPAtlas,33,447.575,3.671,2,5,4,2,1,1,75.630
CN[C@@H]1[C@@H](O)[C@@H](O[C@H]2[C@H](N)C[C@H](N)[C@@H](O[C@H]3O[C@H](CN)[C@@H](O)[C@H](O)[C@H]3O)[C@@H]2O)OC[C@]1(C)O,NPA000571,NPA000571,NPAtlas,33,482.531,-6.001,13,14,14,10,6,0,248.390
C/C=C/C=C/C(O)=C1/C(=O)[C@]2(C)C(=O)C(C)(O)[C@H]1[C@H]([C@]1(C)OC(=O)C(C)=C1O)[C@H]2C(=O)CC/C=C/C,NPA000572,NPA000572,NPAtlas,36,498.572,3.775,3,8,8,3,7,0,138.200
CCCCCC(=O)C1C(=O)O[C@@]2(C)C(=O)C=C3C=C(CC(C)OC(C)=O)OC=C3[C@@H]12,NPA000579,NPA000579,NPAtlas,30,416.470,3.333,0,7,7,0,8,0,95.970
C=CC(C)(C)[C@@]12C[C@H]3C(=O)N[C@@H](CC(C)C)C(=O)N3[C@@H]1N(C(=O)CC)c1ccccc12,NPA000581,NPA000581,NPAtlas,31,423.557,3.365,1,6,3,1,5,1,69.720
CCCCCC(=O)C(CO)C[C@@H]1OC(=O)C[C@H]1C,NPA000582,NPA000582,NPAtlas,18,256.342,2.086,1,4,4,1,8,0,63.600
C=C(C)C1C[C@@]2(C)C(=CC1=O)C=C[C@H](OC(=O)/C=C/C=C/[C@@H](C)CC)[C@@H]2C,NPA000583,NPA000583,NPAtlas,27,368.517,5.360,0,3,3,0,6,0,43.370
COc1cc(O)cc2c1C(=O)O[C@@H](C)CC[C@H](O)CCCC2,NPA000588,NPA000588,NPAtlas,22,308.374,2.814,2,5,5,2,1,1,75.990
C[C@@H]1NC(=O)c2ccccc2-n2c1nc1c(c2=O)C=CC=CO1,NPA000590,NPA000590,NPAtlas,23,307.309,1.956,1,6,5,1,0,2,73.220
COc1ccc(CCOCc2ccc(C=O)[nH]2)cc1,NPA000594,NPA000594,NPAtlas,19,259.305,2.595,1,4,3,1,7,2,51.320
CC/C=C/C1=C(CC(CC)CC2=C(CCC(=O)O)C(=O)OC2=O)C(=O)OC1=O,NPA000595,NPA000595,NPAtlas,28,390.388,2.384,1,8,7,1,10,0,124.040
C=C1/C=CC(=O)N[C@@H](C)C(=O)N[C@H](C(C)C)C(=O)OC(C(CCO)C(C)CCCCCC)C(=O)N1,NPA000596,NPA000596,NPAtlas,35,493.645,2.349,4,9,6,4,10,0,133.830
C/C=C/c1oc2c(c(=O)c1O)C(=O)NC2,NPA000598,NPA000598,NPAtlas,15,207.185,0.622,2,5,4,2,1,1,79.540
COC[C@H]1OC(OC2OC(=O)C(c3ccccc3)=C2C(O)c2ccccc2)[C@H](NC(C)=O)[C@@H](O)[C@@H]1O,NPA000599,NPA000599,NPAtlas,36,499.516,0.671,4,10,9,4,8,2,143.780
[C-]#[N+][C@@]12C(=C)C(C)(C)c3[nH]c4cccc5c4c3[C@]1(O)[C@H](CC[C@]2(C)C=C)C5(C)C,NPA000600,NPA000600,NPAtlas,29,386.539,5.754,2,3,1,2,1,2,40.380
C[C@@H]1CCC(O)/C=CC(=O)c2c(O)cc(O)cc2CC(=O)O1,NPA000604,NPA000604,NPAtlas,22,306.314,1.466,3,6,6,3,0,1,104.060
CC(=O)O[C@@H]1/C=CC(=O)O[C@H](C)CCC(=O)/C=CC(=O)O[C@H](C)CC1,NPA000605,NPA000605,NPAtlas,25,352.383,2.037,0,7,7,0,1,0,95.970
COc1c(C)c(/C=C/[C@@H](C)CCO)oc(=O)c1C,NPA000608,NPA000608,NPAtlas,18,252.310,2.297,1,4,4,1,5,1,59.670
O=C1C(c2ccc(O)cc2)=C(c2ccc(O)cc2)C(=O)N1CCc1ccccc1,NPA000609,NPA000609,NPAtlas,29,385.419,3.620,2,5,4,2,5,3,77.840
O=c1oc(-c2ccc(O)c(O)c2)c(O)c2cc(O[C@@H]3O[C@H](CO)[C@@H](O)[C@H](O)[C@H]3O)cc(O)c12,NPA000610,NPA000610,NPAtlas,33,464.379,-0.539,8,12,12,8,4,3,210.510
COC(=O)/C=C(/OC)C(C)C(/C=C/c1csc(-c2csc(C(C)=O)n2)n1)OC,NPA000611,NPA000611,NPAtlas,28,422.528,3.837,0,7,9,0,9,2,87.610
CC[C@H](C)[C@H](NC(=O)c1cc2c([nH]c3ccccc32)c(CCC(=O)N2CCC[C@H]2C(=O)O)n1)C(=O)O,NPA000612,NPA000612,NPAtlas,36,494.548,2.953,4,10,5,4,9,3,152.690
CO[C@H]1OCC2=C[C@@H]3CC(C)(C)C[C@@H]3[C@@]3(C)C[C@]213,NPA000613,NPA000613,NPAtlas,18,248.366,3.378,0,2,2,0,1,0,18.460
CC(=O)c1nc(C(=O)NCCc2c[nH]c3ccccc23)cc2c1[nH]c1ccccc12,NPA000614,NPA000614,NPAtlas,30,396.450,4.373,3,6,3,3,5,5,90.640
CCCCCCC(C)/C=C(C)[C@H](O)[C@H]1C=C(/C=C/C(=O)O)C(=O)O1,NPA000617,NPA000617,NPAtlas,24,336.428,3.393,2,5,4,2,10,0,83.830
C[C@@H]1C[C@@H]2O[C@@H]2Cc2ccc(o2)Cc2c(Cl)c(O)cc(O)c2C(=O)O1,NPA000618,NPA000618,NPAtlas,25,364.781,3.194,2,6,6,2,0,2,92.430
CCCCC(=O)O[C@H]1C[C@@]2(COC(C)=O)[C@@H](C=C1C)O[C@@H]1[C@H](O)[C@@H](OC(C)=O)[C@]2(C)[C@]12CO2,NPA000619,NPA000619,NPAtlas,33,466.527,1.837,1,9,9,1,7,0,120.890
CCC(=O)[C@H](Cc1ccc(O)c(Cl)c1)NC(=O)[C@@H](O)[C@@H](C)CC,NPA000620,NPA000620,NPAtlas,23,341.835,2.459,3,5,4,3,8,1,86.630
C=C1C2C(O)C3C(C2O)C1(C)CC[C@@H]3C(C)C,NPA000621,NPA000621,NPAtlas,17,236.355,2.213,2,2,2,2,1,0,40.460
C=C[C@]1(C)CCc2cc(C)c3[nH]c4ccccc4c3c2[C@@H]1C#N,NPA000622,NPA000622,NPAtlas,23,300.405,5.375,1,2,1,1,1,3,39.580
CC(C)[C@H]1CC[C@]2(C)C(C)[C@H]1C(=O)[C@@H]2CO,NPA000623,NPA000623,NPAtlas,16,224.344,2.502,1,2,2,1,2,0,37.300
CCCCC[C@@H](O)C[C@@H](O)C[C@@H]1Cc2cc3cc(OC)cc(O)c3c(O)c2C(=O)O1,NPA000625,NPA000625,NPAtlas,30,418.486,3.423,4,7,7,4,9,2,116.450
COc1cc2c(c(Oc3ccc(CC=C(C)C)cc3OC)c1)OC(C)(C)C=C2,NPA000626,NPA000626,NPAtlas,28,380.484,6.189,0,4,4,0,6,2,36.920
C[C@H](CC[C@H](O)C(C)(C)O)[C@H]1CC[C@@]2(C)C3=C(CC[C@]12C)[C@@]1(C)CCC(=O)C(C)(C)[C@@H]1CC3=O,NPA000628,NPA000628,NPAtlas,34,472.710,6.032,2,4,4,2,5,0,74.600
CC/C=CC[C@H]1C(=O)CC[C@@H]1CC(=O)OC[C@H]1[C@H](C)C(=O)O[C@@H]1C,NPA000629,NPA000629,NPAtlas,24,336.428,3.069,0,5,5,0,7,0,69.670
CCCCCCCCCCCCCCCCC1(C)OC(CCO)=CC1=O,NPA000630,NPA000630,NPAtlas,26,366.586,6.482,1,3,3,1,17,0,46.530
CC(C)CCCCCCCCCCCN,NPA000632,NPA000632,NPAtlas,15,213.409,4.502,2,1,1,1,11,0,26.020
CC(C)[C@@H]1[C@H](O)C(=O)[C@]2(O)c3occ4c3[C@](C)(CCC4=O)CC[C@@]12C,NPA000633,NPA000633,NPAtlas,25,346.423,2.717,2,5,5,2,1,1,87.740
C[C@@H]1C(=O)CCC(C)(C)[C@H]1/C=C/C1=CC(=O)OC1,NPA000639,NPA000639,NPAtlas,18,248.322,2.667,0,3,3,0,2,0,43.370
CC1=C(C(=O)O)[C@@]2(C)CCC[C@](C)(C(=O)O)[C@@H]2C[C@@H]1O,NPA000640,NPA000640,NPAtlas,20,282.336,2.049,3,5,3,3,2,0,94.830
CC1=CC[C@H]2C(C)(C)[C@@H](O)CC[C@]2(C)[C@H]1CO[C@@H](C(=O)O)[C@H](CC(=O)O)C(=O)O,NPA000642,NPA000642,NPAtlas,29,412.479,2.401,4,8,5,4,8,0,141.360
CC1(C)CCC[C@@]2(C)[C@H]1CC[C@@]1(C)C3=CC(=O)C(=O)c4[nH]cc(c43)C[C@H]21,NPA000643,NPA000643,NPAtlas,26,351.490,4.969,1,3,2,1,0,1,49.930
COC(=O)c1c(OC)ccc2oc3cc(CO)cc(O)c3c(=O)c12,NPA000644,NPA000644,NPAtlas,24,330.292,1.939,2,7,7,2,3,3,106.200
CS[C@@]12CC3=COC=C[C@H](O)[C@H]3N1C(=O)[C@]1(SC)CC3=COC=C[C@H](OC(C)=O)[C@H]3N1C2=O,NPA000645,NPA000645,NPAtlas,33,492.575,1.469,1,9,9,1,3,0,105.610
CCCCC(O)/C=C(C)/C=C/C=C/C(=O)N1CCCC1=O,NPA000646,NPA000646,NPAtlas,21,291.391,2.745,1,4,3,1,7,0,57.610
CO[C@]1(CC(C)C)NC(=O)[C@](O)(Cc2ccccc2)NC1=O,NPA000649,NPA000649,NPAtlas,22,306.362,0.552,3,6,4,3,5,1,87.660
COc1oc(CCCCC(C)C)c(C)c(=O)c1C,NPA000650,NPA000650,NPAtlas,18,252.354,3.634,0,3,3,0,6,1,39.440
Cc1cc2c(cc1O)[C@@]1(C)C[C@@H](O2)[C@@H](O)C1(C)C,NPA000651,NPA000651,NPAtlas,18,248.322,2.510,2,3,3,2,0,1,49.690
C/C=C(C)C(=O)OC1C=CC(=O)OC1CCC(=O)C(C)O,NPA000652,NPA000652,NPAtlas,21,296.319,1.076,1,6,6,1,6,0,89.900
CCCCC/C=C/C1=CC(=O)[C@H]2O[C@@]2(C/C=C(C)C(=O)O)[C@H]1O,NPA000653,NPA000653,NPAtlas,23,320.385,2.551,2,5,4,2,8,0,87.130
C[C@H]1CCCC(O)CCCC(O)Cc2cc(O)cc(O)c2C(=O)O1,NPA000654,NPA000654,NPAtlas,24,338.400,2.262,4,6,6,4,0,1,107.220
C=C(C)[C@H]1CC[C@]2(C)C[C@H]3[C@H](CC[C@H]3C)/C(C)=CCC12,NPA000656,NPA000656,NPAtlas,20,272.476,5.997,0,0,0,0,1,0,0.0
CC(C)/C=c1c(=O)[nH]/c(=C/c2ccccc2)c(=O)n1C,NPA000657,NPA000657,NPAtlas,20,270.332,0.339,1,4,3,1,2,2,54.860
COC(=O)c1cc(OC)cc(O)c1C(=O)c1c(O)cc(C)cc1O,NPA000658,NPA000658,NPAtlas,24,332.308,2.138,3,7,7,3,4,2,113.290
CO[C@@H]1C(=O)Nc2cccc(O)c2[C@@]1(O)c1ccccc1,NPA000659,NPA000659,NPAtlas,21,285.299,1.595,3,5,4,3,2,2,78.790
CN1C(=S)c2cc(C(N)=O)nc3c(N)c(Cl)c(N)c1c23,NPA000661,NPA000661,NPAtlas,20,307.766,1.277,6,6,5,3,1,2,111.260
C=C(C)C#C[C@@]1(O)[C@H]2O[C@@]3(C)O[C@@H]1[C@@H]1OC(C)(C)[C@H](O)C[C@@]1(O3)[C@H]2O,NPA000663,NPA000663,NPAtlas,25,352.383,-0.173,3,7,7,3,0,0,97.610
O=C1c2c(O)cc(O)cc2OC[C@@]1(O)c1ccc(O)cc1,NPA000665,NPA000665,NPAtlas,21,288.255,1.266,4,6,6,4,1,2,107.220
CO[C@H]1O[C@H](C)C(C)=C[C@@]1(C)/C(C)=C/C=C/C=C/C=C/C1(C)[C@H]2OC(=O)[C@]1(C)C(=O)[C@@H]2C,NPA000666,NPA000666,NPAtlas,32,440.580,5.102,0,5,5,0,6,0,61.830
O=C(CN1CCN(CC(=O)N2CCCc3ccccc32)CC1)N1CCCc2ccccc21,NPA000667,NPA000667,NPAtlas,32,432.568,2.563,0,6,4,0,4,2,47.100
O=C(O)CCCCCCCC[C@H]1O[C@]2(O)CC[C@H](O)[C@]2(O)[C@@H]1O,NPA000668,NPA000668,NPAtlas,23,332.393,0.526,5,7,6,5,9,0,127.450
CO[C@]12O[C@]3(C)C(=O)C(Cl)=C4C=C(/C=C/[C@@H](C)[C@@H](C)O)OC=C4[C@@H]3[C@H]1C(=O)O[C@H](C)[C@H]2C,NPA000669,NPA000669,NPAtlas,32,464.942,3.379,1,7,7,1,4,0,91.290
COC(=O)CC/C(C)=C/Cc1c(O)cc2c(c1O)CN(CCO)C2=O,NPA000670,NPA000670,NPAtlas,25,349.383,1.488,3,7,6,3,7,1,107.300
C=C[C@]1(C)CC[C@@H](C(=C)C)C[C@H]1C(=C)C,NPA000673,NPA000673,NPAtlas,15,204.357,4.747,0,0,0,0,3,0,0.0
CC(C)[C@@H](C)/C=C/[C@@H](C)C1CC[C@H]2C3=C(O)C=C4C[C@@H](O)CC[C@]4(C)C3CC[C@]12C,NPA000674,NPA000674,NPAtlas,30,412.658,7.217,2,2,2,2,4,0,40.460
CCCCCCCC(O)[C@H]1C(=O)O[C@@]2(C)C(=O)C3=C(C[C@H]12)C[C@]1(C=CC(=O)O1)OC3,NPA000675,NPA000675,NPAtlas,30,418.486,2.755,1,7,7,1,7,0,99.130
COc1cc(C(=O)O)cc(C)c1C(=O)CCCOC(C)=O,NPA000676,NPA000676,NPAtlas,21,294.303,2.228,1,6,5,1,7,1,89.900
Cc1cc(=O)[nH]c2c1C(=O)c1c(C)cc(=O)n(C)c1C2=O,NPA000677,NPA000677,NPAtlas,21,284.271,0.466,1,6,5,1,0,2,89.000
CC(O)C(O)CC1OCc2c(O)cccc21,NPA000679,NPA000679,NPAtlas,16,224.256,1.095,3,4,4,3,3,1,69.920
C[C@@H]1NC(=O)[C@H](Cc2ccc(O)cc2)NC1=O,NPA000680,NPA000680,NPAtlas,17,234.255,-0.062,3,5,3,3,2,1,78.430
C[C@]12C[C@H]1[C@H]1C=C(C(=O)O)[C@@H]3COC(=O)[C@]4(CO4)[C@]13C2,NPA000681,NPA000681,NPAtlas,20,276.288,0.986,1,5,4,1,1,0,76.130
CC(=O)OCC12CC3CC([C@@H]1C)C3(CC(=O)/C=C(C)C(N)=O)CO2,NPA000683,NPA000683,NPAtlas,24,335.400,1.372,2,6,5,1,6,0,95.690
Cc1cc(O)c2c(c1)C(=O)c1c(Cl)c(O)cc(O)c1C2=O,NPA000687,NPA000687,NPAtlas,21,304.685,2.541,3,5,5,3,0,2,94.830
C=C[C@]1(C)C=C2C(=O)C[C@H]3[C@@](C)(CO[C@@H]4O[C@H](CO)[C@@H](O)[C@@H](O)[C@@H]4O)C(=O)CC[C@]3(C)C2CC1,NPA000688,NPA000688,NPAtlas,34,478.582,1.296,4,8,8,4,5,0,133.520
COC(=O)c1ccc2c(=O)c3c(OC)cc(CCO)cc3oc2c1O,NPA000690,NPA000690,NPAtlas,25,344.319,1.982,2,7,7,2,4,3,106.200
CCCc1cc(=O)c2c(CC(=O)O)cccc2o1,NPA000692,NPA000692,NPAtlas,18,246.262,2.373,1,4,3,1,4,2,67.510
COC(=O)Cc1cc(O)cc(O)c1C(=O)CCCCCC(C)O,NPA000693,NPA000693,NPAtlas,23,324.373,2.327,3,6,6,3,9,1,104.060
CC[C@H](C)[C@@H]1NC(=O)[C@H](CC(C)C)NC(=O)[C@H](C(C)C)NC(=O)[C@H](CC(C)C)NC1=O,NPA000694,NPA000694,NPAtlas,31,438.613,1.734,4,8,4,4,7,0,116.400
COC(=O)c1c(O)cc(OC)c(Cl)c1Oc1c(C)cc(O)cc1OC,NPA000696,NPA000696,NPAtlas,25,368.769,3.656,2,7,7,2,5,2,94.450
CCCCCC=Cc1c(CC(O)C(C)(C)O)ccc(O)c1C=O,NPA000697,NPA000697,NPAtlas,23,320.429,3.473,3,4,4,3,9,1,77.760
COC1=C(c2ccccc2)C(=O)C(OC)=C(c2ccccc2)C1=O,NPA000698,NPA000698,NPAtlas,24,320.344,3.254,0,4,4,0,4,2,52.600
COC(=O)[C@]1(OC)C[C@]2(O)C[C@]3(C)OC(=O)c4c(O)cc(OC)cc4C3=C[C@@H]2O1,NPA000699,NPA000699,NPAtlas,29,406.387,1.153,2,9,9,2,3,1,120.750
CC1=C[C@@H]2OC[C@]3(O)[C@H](O)[C@@]4(O)C[C@]3(C)[C@]2(CC1)CO4,NPA000700,NPA000700,NPAtlas,20,282.336,0.332,3,5,5,3,0,0,79.150
CC[C@H](C)/C=C(C)/C=C/C1=CC2=C(Br)C(=O)[C@]3(C)OC(=O)[C@@H](C(C)=O)[C@@H]3C2=CO1,NPA000702,NPA000702,NPAtlas,29,461.352,4.702,0,5,5,0,5,0,69.670
C[C@@H]1CCC(=O)C2=C3O[C@@]4(C)[C@H](C)C[C@@]3(OC2=O)[C@H](/C=C[C@H]1O)[C@H]4O,NPA000703,NPA000703,NPAtlas,25,348.395,1.258,2,6,6,2,0,0,93.060
C=C1C(=O)[C@]23C[C@H]1CC[C@H]2[C@]1(C)CCC[C@@](C)(C(=O)O)[C@H]1C[C@@H]3O,NPA000705,NPA000705,NPAtlas,24,332.440,3.190,2,4,3,2,1,0,74.600
CCC(C)CCCCCC[C@@H]1CC(=O)NCC(=O)N[C@@H](CCCN)C(=O)N[C@@H](C(C)C)C(=O)N1,NPA000706,NPA000706,NPAtlas,34,481.682,1.742,6,9,5,5,12,0,142.420
COc1c(C)c(Cl)c(OC)c(O)c1O,NPA000707,NPA000707,NPAtlas,14,218.636,2.077,2,4,4,2,2,1,58.920
C[C@@H](O)Cc1cc(=O)c2c(O)cccc2o1,NPA000708,NPA000708,NPAtlas,16,220.224,1.422,2,4,4,2,2,2,70.670
C=C1C(=O)C=C2C[C@@]3(O)CC(C)(C)C[C@H]3[C@]12C,NPA000709,NPA000709,NPAtlas,17,232.323,2.629,1,2,2,1,0,0,37.300
CC(=O)C1=C2[C@H](NC1=O)[C@@H](C)CCN2C(=O)CCCN,NPA000710,NPA000710,NPAtlas,20,279.340,-0.065,3,6,4,2,4,0,92.500
CC(C)=CCCC(C)(O)/C=C/c1cc(=O)c2ccccc2n1C,NPA000713,NPA000713,NPAtlas,23,311.425,4.049,1,3,3,1,5,2,42.230
CC(C)[C@@H](C)CC[C@@H](C)[C@H]1CC[C@H]2[C@@H]3C[C@H]4O[C@]45C[C@@H](O)CC(=O)[C@]5(C)[C@H]3[C@H](O)C[C@@]21C,NPA000715,NPA000715,NPAtlas,32,446.672,4.996,2,4,4,2,5,0,70.060
CC(=O)O[C@H]1CC[C@@]2(C)[C@@H](CC[C@@]3(C)Oc4cc(C)c(C(=O)O)c(O)c4C[C@H]23)C1(C)C,NPA000716,NPA000716,NPAtlas,31,430.541,4.877,2,6,5,2,2,1,93.060
CSSc1cccc2c(-c3ccccc3)c(=O)oc-2c1,NPA000717,NPA000717,NPAtlas,20,300.404,4.782,0,2,4,0,3,1,30.210
CC(C)=C[C@H](C)C[C@H](C)/C=C/C(=O)NC1=C[C@](O)(CCCCC(=O)O)C=CC1=O,NPA000718,NPA000718,NPAtlas,29,403.519,3.686,3,6,4,3,11,0,103.700
CC(C)CC1SSC(Cc2c[nH]c3ccccc23)S1,NPA000719,NPA000719,NPAtlas,19,309.525,5.537,1,1,3,1,4,2,15.790
CC1=CC(=O)C=C[C@@]2(C)[C@H]1CC[C@]1(C)[C@@H]2[C@H](O)C=C(C)[C@@]12Cc1c(c(C)c(C)oc1=O)O2,NPA000720,NPA000720,NPAtlas,32,436.548,4.375,1,5,5,1,0,1,76.740
C[C@H]1Cc2ccc(O)c3c2[C@@]2(C1)OCc1c(O)cccc1[C@H]3O2,NPA000721,NPA000721,NPAtlas,23,310.349,3.483,2,4,4,2,0,2,58.920
C/C=C(C)C(O)C(C)/C=C(C)/C=C/CC(C)/C=C/c1oc(OC)c(CC)c(=O)c1C,NPA000722,NPA000722,NPAtlas,30,414.586,6.024,1,4,4,1,10,1,59.670
COc1cccc2c1COc1ccc3c(c1C2=O)C(=O)C[C@](C)(O)C3,NPA000723,NPA000723,NPAtlas,25,338.359,2.699,1,5,5,1,1,2,72.830
C=C(C(=O)C[C@@H](C)[C@H]1CC[C@@]2(C)C3=CC[C@H](C(=C)C)[C@](C)(CCC(=O)O)C3=CC[C@]12C)C(C)C(=O)O,NPA000725,NPA000725,NPAtlas,36,496.688,7.005,2,5,3,2,10,0,91.670
CCCCCCC(O)C(C(=O)OC)c1cccc2nc3c(C(=O)OC)cccc3nc12,NPA000726,NPA000726,NPAtlas,31,424.497,4.158,1,7,7,1,9,3,98.610
C[C@@H]1CCCCC[C@H](O)[C@H](O)/C=CC(=O)O1,NPA000727,NPA000727,NPAtlas,16,228.288,1.160,2,4,4,2,0,0,66.760
O=C1N[C@@H](Cc2ccccc2)C(=O)N2CCC[C@H]2C(=O)N[C@@H](Cc2ccccc2)C(=O)N2CCC[C@@H]12,NPA000728,NPA000728,NPAtlas,36,488.588,1.437,2,8,4,2,4,2,98.820
C/C=C(/C=C(C)CCC(O)C(C)C(N)=O)CO,NPA000731,NPA000731,NPAtlas,17,241.331,1.134,4,4,3,3,7,0,83.550
CCOC(=O)[C@@H](NC(=O)c1cccc(NC=O)c1O)[C@@H](C)O,NPA000733,NPA000733,NPAtlas,22,310.306,0.003,4,8,6,4,7,1,124.960
CN1C(=O)[C@]2(O)Cc3ccccc3N2C(=O)[C@@H]1CO,NPA000734,NPA000734,NPAtlas,19,262.265,-0.903,2,6,4,2,1,1,81.080
C=C(C)[C@H]1CC[C@@]2(C)[C@H]1C[C@H](O)[C@]1(C)[C@@H]2CC[C@@H]2[C@@]3(C)CC[C@H](OC(C)=O)C(C)(C)[C@@H]3CC[C@]21C,NPA000736,NPA000736,NPAtlas,35,484.765,7.566,1,3,3,1,2,0,46.530
CCCCCCCCC[C@@]1(CO)CC[C@@H](C)C(=O)O1,NPA000739,NPA000739,NPAtlas,19,270.413,3.831,1,3,3,1,9,0,46.530
CS[C@@]12CC3=CC=C[C@H](O)[C@H]3N1C(=O)/C(=C/c1ccccc1)NC2=O,NPA000740,NPA000740,NPAtlas,25,354.431,1.675,2,5,4,2,2,1,69.640
Cc1cc(O)c2oc(=O)c(O)c(-c3ccc(O)cc3)c2c1,NPA000742,NPA000742,NPAtlas,21,284.267,2.885,3,5,5,3,1,3,90.900
CCCCCC=CC1=C(CO)C(=O)C[C@H](O)[C@@H]1O,NPA000743,NPA000743,NPAtlas,18,254.326,1.106,3,4,4,3,6,0,77.760
C=CC(C)(C)CC(=O)c1c(C)cc(OCC=C(C)C)cc1O,NPA000744,NPA000744,NPAtlas,22,302.414,4.831,1,3,3,1,7,1,46.530
COc1c(O)ccc(-c2coc3cc(O)cc(O)c3c2=O)c1O,NPA000745,NPA000745,NPAtlas,23,316.265,2.291,4,7,7,4,2,3,120.360
C/C1=C/C/C=CC/C(CC(=O)O)=CC(=O)O[C@@H]2C[C@@H](C1)O[C@@](O)(CC/C(C)=C/Cc1ccccc1)C2,NPA000748,NPA000748,NPAtlas,36,494.628,5.823,2,6,5,2,7,1,93.060
CCCCCc1cc(OC(=O)c2c(O)c(Cl)c(O)c(Cl)c2CCC)cc(OC)c1C(=O)O,NPA000751,NPA000751,NPAtlas,32,485.360,6.016,3,7,6,3,10,2,113.290
CCC[C@H]1O[C@H](CC(=O)O)C=C2[C@]3(O)CC(=O)C[C@@]21C(=O)c1c(O)cccc13,NPA000752,NPA000752,NPAtlas,28,386.400,2.094,3,7,6,3,4,1,121.130
CO[C@@H](CC(=N)C1=C(O)C(=C(C)C)NC1=O)C[C@H](C)O,NPA000755,NPA000755,NPAtlas,20,282.340,1.418,4,6,5,4,6,0,102.640
C[C@]1(O)NC(=O)[C@@H](C[C@@]2(O)c3ccccc3N3C(=O)C4(CC4)N[C@@H]32)n2c1nc1ccccc1c2=O,NPA000757,NPA000757,NPAtlas,35,473.489,0.319,4,10,8,4,2,3,136.790
C[C@H]1C/C=C[C@H]2C(=O)[C@H](C)[C@@H](C)[C@H]3[C@H](Cc4ccccc4)NC(=O)[C@@]23[C@H](O)/C=C[C@@](C)(O)C1=O,NPA000759,NPA000759,NPAtlas,34,465.590,2.634,3,6,5,3,2,1,103.700
O=C1C=CC(=O)[C@@]23O[C@@]12C(=O)C(Cl)=CC31Oc2cccc3cccc(c23)O1,NPA000760,NPA000760,NPAtlas,27,380.739,2.228,0,6,6,0,0,2,82.200
Cc1ccc2c(c1O)C(=O)c1c(C)cc(O)cc1C2(C)O,NPA000761,NPA000761,NPAtlas,21,284.311,2.515,3,4,4,3,0,2,77.760
CCO[C@H]1OC(=O)c2c(O)c(C)c(OC)c(C=O)c21,NPA000763,NPA000763,NPAtlas,19,266.249,1.727,1,6,6,1,4,1,82.060
CCC(=O)c1cc(C)c2c(c1)C(=O)C(C)(/C=C(C)[C@@H](O)[C@@H](C)CC)O2,NPA000764,NPA000764,NPAtlas,25,344.451,4.275,1,4,4,1,6,1,63.600
CC1=C[C@@H]2/C=CC[C@H](C)/C=C(/C)[C@@H](O)C/C=CC(=O)[C@]23C(=O)N[C@@H](Cc2c[nH]c4ccccc24)[C@@H]3[C@@H]1C,NPA000765,NPA000765,NPAtlas,37,498.667,5.442,3,5,3,3,2,2,82.190
O=C(C[C@]1(C(=O)O)CCC=C(CO)[C@H]1O)c1cc(O)ccc1O,NPA000766,NPA000766,NPAtlas,23,322.313,0.815,5,7,6,5,5,1,135.290
Cc1oc2nc1C(=O)NC(C)c1nc(cs1)C(=O)NC(C)c1nc(cs1)C(=O)N[C@H]2C,NPA000768,NPA000768,NPAtlas,31,460.541,2.682,3,10,9,3,0,3,139.110
CC(=O)NCCOP(=O)(O)OC[C@H](O)CO,NPA000769,NPA000769,NPAtlas,16,257.179,-1.391,4,8,6,4,8,0,125.320
CCCCCCCCCCCCC(=O)[C@]1(O)C(=O)C=C[C@H]1O,NPA000770,NPA000770,NPAtlas,22,310.434,3.097,2,4,4,2,12,0,74.600
C/C=C/C=C/c1cc(=O)c2c(o1)O[C@]1(C)CC[C@H]3C(C)(C)C(O)CC[C@]3(C)[C@H]1C2,NPA000771,NPA000771,NPAtlas,29,398.543,5.136,1,4,4,1,2,1,59.670
CCCCCCCCCCCCCCCC(=O)N[C@@H](Cc1c[nH]c2ccccc12)C(=O)O,NPA000773,NPA000773,NPAtlas,32,442.644,6.761,3,5,2,3,18,2,82.190
CCC[C@H](O)C/C=CCC1OC(=O)CC1C,NPA000774,NPA000774,NPAtlas,16,226.316,2.435,1,3,3,1,6,0,46.530
COc1cc(/C(C)=CC=CC=CC=Cc2[nH]ccc2Cl)oc(=O)c1C,NPA000780,NPA000780,NPAtlas,25,357.837,5.167,1,4,3,1,6,2,55.230
O=C1c2c[n+]([O-])c3ccccc3c2C(=O)c2[nH]c3ccccc3c21,NPA000781,NPA000781,NPAtlas,24,314.300,2.730,1,5,3,1,0,4,76.870
COc1cccc2c1C(=O)/C(=C(CO)[C@@H]1OC(=O)C[C@H]1C)O2,NPA000782,NPA000782,NPAtlas,22,304.298,1.468,1,6,6,1,3,1,82.060
C=C1COC2(OC)C=C3C=CC(=O)C(C)C3(C)CC12O,NPA000783,NPA000783,NPAtlas,20,276.332,1.758,1,4,4,1,1,0,55.760
O=C(O)CCNC(=O)c1ccc(O)c(O)c1,NPA000784,NPA000784,NPAtlas,16,225.200,0.302,4,6,4,4,4,1,106.860
Cc1cccc2ccc3c(c12)CC[C@@]1(C)C3=CC[C@@H]1[C@H](C)/C=C/[C@@H](C)C(C)C,NPA000785,NPA000785,NPAtlas,28,372.596,7.988,0,0,0,0,4,2,0.0
COc1cc(C)c(OC)c(C/C=C(C)CC2=C[C@]3(C)CCC[C@]3(C)[C@@]3(C[C@@H](O)C(C)(C)O3)O2)c1,NPA000786,NPA000786,NPAtlas,34,470.650,6.258,1,5,5,1,6,1,57.150
CC(C)(O)[C@@H]1CC[C@@]2(C)OC3=C(C[C@@H]12)C(=O)[C@]1(O)CO[C@H]3C1,NPA000787,NPA000787,NPAtlas,22,308.374,1.319,2,5,5,2,1,0,75.990
CCCCCCC[C@@H](C/C=C/CCC(=O)NC/C(=C/Cl)[C@]12O[C@H]1[C@H](O)CCC2=O)OC,NPA000789,NPA000789,NPAtlas,31,456.023,4.189,2,6,5,2,15,0,88.160
CCCCCCCCCCc1cccc2c1CCCN2,NPA000790,NPA000790,NPAtlas,20,273.464,5.728,1,1,1,1,9,1,12.030
CC[C@@H]1C[C@H]2CC[C@H](O2)[C@H](C)C(=O)O[C@H](C)C[C@H]2CC[C@H](O2)[C@H](C)C(=O)O1,NPA000791,NPA000791,NPAtlas,27,382.497,3.401,0,6,6,0,1,0,71.060
CC(C)CCCCCCCCCCCC(=O)C1=C(O)C(CO)OC1=O,NPA000793,NPA000793,NPAtlas,25,354.487,4.232,2,5,5,2,14,0,83.830
CC1=C[C@H](O)[C@@H]2[C@@]3(C)CCC(=O)C(C)(C)[C@@H]3CC[C@@]2(C)[C@]12Cc1c(c(C)c(C)oc1=O)O2,NPA000794,NPA000794,NPAtlas,32,440.580,4.679,1,5,5,1,0,1,76.740
